"recipe_id","situation_id"
1,7
2,6
3,6
4,7
5,11
6,6
7,7
8,7
9,5
10,11
11,11
12,6
13,11
14,11
15,2
16,6
17,11
18,7
19,11
20,11
21,11
22,6
23,11
24,6
25,11
26,6
27,6
28,6
29,4
30,6
31,7
32,11
33,7
34,11
35,6
36,6
37,11
38,1
39,7
40,7
41,6
42,9
43,11
44,11
45,11
46,6
47,6
48,6
49,7
50,6
51,6
52,11
53,3
54,11
55,11
56,6
57,6
58,11
59,11
60,6
61,1
62,11
63,6
64,11
65,9
66,7
67,6
68,7
69,6
70,5
71,11
72,4
73,7
74,3
75,6
76,6
77,6
78,7
79,11
80,4
81,11
82,6
83,7
84,11
85,11
86,11
87,11
88,11
89,6
90,7
91,11
92,6
93,1
94,11
95,6
96,6
97,11
98,1
99,11
100,7
101,7
102,11
103,6
104,6
105,6
106,11
107,1
108,6
109,6
110,11
111,12
112,11
113,1
114,11
115,6
116,11
117,11
118,1
119,6
120,1
121,11
122,6
123,1
124,11
125,6
126,11
127,11
128,11
129,11
130,11
131,6
132,5
133,5
134,11
135,7
136,6
137,11
138,6
139,11
140,5
141,6
142,1
143,6
144,9
145,7
146,11
147,11
148,6
149,11
150,1
151,11
152,11
153,11
154,11
155,11
156,11
157,6
158,11
159,7
160,6
161,6
162,7
163,11
164,1
165,6
166,9
167,7
168,11
169,1
170,11
171,11
172,11
173,11
174,11
175,11
176,6
177,11
178,7
179,11
180,6
181,11
182,11
183,11
184,6
185,11
186,11
187,11
188,11
189,11
190,6
191,11
192,11
193,11
194,6
195,11
196,11
197,11
198,7
199,11
200,11
201,11
202,9
203,1
204,7
205,11
206,11
207,11
208,6
209,11
210,1
211,11
212,11
213,1
214,4
215,6
216,11
217,6
218,1
219,11
220,11
221,11
222,11
223,11
224,4
225,11
226,6
227,11
228,7
229,6
230,7
231,6
232,9
233,6
234,7
235,6
236,7
237,6
238,11
239,9
240,11
241,9
242,7
243,7
244,11
245,9
246,11
247,11
248,11
249,11
250,6
251,11
252,9
253,7
254,7
255,1
256,11
257,9
258,7
259,11
260,6
261,11
262,11
263,6
264,9
265,1
266,11
267,9
268,6
269,6
270,11
271,11
272,11
273,11
274,5
275,6
276,7
277,6
278,6
279,11
280,1
281,6
282,11
283,6
284,11
285,5
286,1
287,11
288,5
289,5
290,11
291,11
292,1
293,5
294,5
295,7
296,11
297,6
298,6
299,11
300,11
301,6
302,5
303,11
304,7
305,6
306,7
307,11
308,11
309,6
310,11
311,11
312,11
313,11
314,11
315,1
316,7
317,9
318,11
319,11
320,7
321,7
322,11
323,12
324,11
325,11
326,11
327,6
328,11
329,6
330,6
331,11
332,7
333,9
334,11
335,11
336,6
337,1
338,7
339,11
340,6
341,6
342,12
343,6
344,9
345,11
346,11
347,11
348,6
349,11
350,11
351,11
352,7
353,6
354,6
355,9
356,11
357,7
358,11
359,11
360,11
361,7
362,11
363,11
364,11
365,11
366,11
367,6
368,9
369,11
370,9
371,11
372,7
373,6
374,11
375,11
376,11
377,11
378,11
379,6
380,11
381,6
382,7
383,11
384,9
385,6
386,11
387,11
388,6
389,11
390,1
391,11
392,6
393,9
394,6
395,7
396,11
397,7
398,11
399,1
400,6
401,6
402,11
403,6
404,3
405,7
406,11
407,11
408,1
409,11
410,6
411,11
412,6
413,6
414,6
415,6
416,6
417,11
418,6
419,6
420,11
421,11
422,6
423,11
424,7
425,7
426,11
427,11
428,6
429,6
430,7
431,11
432,11
433,6
434,11
435,11
436,7
437,11
438,11
439,9
440,11
441,11
442,7
443,6
444,11
445,11
446,11
447,7
448,6
449,11
450,6
451,7
452,9
453,11
454,7
455,7
456,11
457,6
458,11
459,11
460,6
461,11
462,6
463,6
464,6
465,11
466,6
467,7
468,6
469,11
470,6
471,11
472,6
473,9
474,6
475,11
476,6
477,6
478,1
479,6
480,7
481,11
482,6
483,6
484,11
485,6
486,7
487,9
488,11
489,11
490,11
491,6
492,11
493,1
494,6
495,7
496,11
497,7
498,11
499,11
500,6
501,11
502,11
503,11
504,11
505,7
506,11
507,11
508,5
509,7
510,11
511,11
512,7
513,5
514,1
515,11
516,6
517,11
518,11
519,11
520,11
521,5
522,1
523,11
524,1
525,6
526,6
527,11
528,6
529,7
530,7
531,6
532,6
533,11
534,6
535,11
536,11
537,11
538,11
539,11
540,11
541,7
542,11
543,9
544,11
545,1
546,11
547,11
548,11
549,11
550,11
551,7
552,1
553,6
554,7
555,11
556,6
557,11
558,11
559,6
560,1
561,1
562,7
563,11
564,6
565,7
566,5
567,6
568,11
569,6
570,7
571,11
572,9
573,11
574,6
575,11
576,11
577,6
578,11
579,7
580,6
581,7
582,6
583,1
584,11
585,9
586,1
587,6
588,11
589,7
590,9
591,11
592,11
593,6
594,6
595,8
596,6
597,11
598,11
599,6
600,1
601,7
602,7
603,11
604,6
605,12
606,6
607,6
608,6
609,6
610,9
611,11
612,6
613,7
614,7
615,11
616,11
617,11
618,6
619,1
620,7
621,7
622,6
623,11
624,11
625,11
626,9
627,7
628,11
629,11
630,6
631,11
632,11
633,6
634,11
635,11
636,11
637,11
638,11
639,11
640,9
641,11
642,6
643,11
644,11
645,11
646,6
647,1
648,11
649,11
650,11
651,11
652,11
653,7
654,11
655,1
656,11
657,7
658,7
659,11
660,7
661,6
662,11
663,11
664,11
665,11
666,6
667,9
668,11
669,11
670,6
671,9
672,11
673,11
674,6
675,1
676,11
677,7
678,11
679,6
680,8
681,6
682,11
683,7
684,11
685,7
686,6
687,11
688,11
689,7
690,7
691,11
692,11
693,9
694,9
695,6
696,11
697,9
698,6
699,6
700,7
701,11
702,6
703,1
704,7
705,7
706,11
707,9
708,6
709,6
710,11
711,11
712,11
713,11
714,11
715,11
716,9
717,6
718,6
719,6
720,6
721,11
722,6
723,11
724,7
725,7
726,11
727,6
728,3
729,11
730,6
731,6
732,6
733,11
734,6
735,7
736,11
737,9
738,6
739,11
740,9
741,6
742,6
743,11
744,6
745,6
746,1
747,6
748,1
749,11
750,6
751,6
752,11
753,11
754,6
755,11
756,11
757,7
758,11
759,11
760,6
761,6
762,9
763,6
764,11
765,11
766,11
767,11
768,11
769,7
770,11
771,7
772,9
773,9
774,4
775,6
776,11
777,6
778,11
779,7
780,11
781,1
782,6
783,11
784,7
785,11
786,12
787,6
788,11
789,6
790,7
791,7
792,6
793,11
794,7
795,11
796,6
797,1
798,7
799,11
800,11
801,6
802,11
803,11
804,11
805,11
806,11
807,11
808,11
809,11
810,6
811,11
812,11
813,9
814,1
815,11
816,11
817,11
818,11
819,6
820,11
821,11
822,6
823,7
824,1
825,11
826,11
827,6
828,11
829,7
830,7
831,7
832,11
833,11
834,11
835,6
836,11
837,11
838,3
839,6
840,9
841,11
842,11
843,9
844,9
845,7
846,11
847,8
848,11
849,7
850,7
851,9
852,6
853,6
854,11
855,11
856,11
857,1
858,11
859,3
860,11
861,11
862,11
863,9
864,11
865,9
866,6
867,11
868,6
869,11
870,11
871,11
872,11
873,11
874,11
875,11
876,11
877,11
878,6
879,9
880,11
881,6
882,11
883,11
884,11
885,9
886,9
887,9
888,11
889,11
890,9
891,7
892,11
893,3
894,9
895,9
896,11
897,11
898,11
899,11
900,9
901,6
902,9
903,6
904,9
905,7
906,11
907,11
908,11
909,11
910,11
911,11
912,11
913,11
914,6
915,11
916,11
917,11
918,12
919,6
920,11
921,6
922,7
923,7
924,11
925,11
926,11
927,6
928,11
929,6
930,11
931,11
932,11
933,6
934,3
935,11
936,7
937,11
938,5
939,5
940,11
941,11
942,5
943,5
944,9
945,5
946,6
947,7
948,9
949,5
950,11
951,11
952,11
953,11
954,6
955,6
956,11
957,7
958,11
959,1
960,11
961,11
962,11
963,11
964,11
965,11
966,9
967,11
968,1
969,6
970,11
971,6
972,6
973,11
974,11
975,11
976,9
977,6
978,6
979,6
980,6
981,11
982,7
983,9
984,11
985,11
986,11
987,11
988,9
989,11
990,11
991,11
992,11
993,11
994,9
995,7
996,1
997,11
998,11
999,11
1000,7
1001,11
1002,6
1003,11
1004,11
1005,9
1006,9
1007,6
1008,6
1009,9
1010,11
1011,6
1012,6
1013,6
1014,11
1015,7
1016,6
1017,11
1018,6
1019,11
1020,9
1021,11
1022,11
1023,11
1024,11
1025,7
1026,6
1027,11
1028,1
1029,11
1030,6
1031,7
1032,11
1033,4
1034,11
1035,11
1036,6
1037,9
1038,11
1039,6
1040,6
1041,6
1042,11
1043,6
1044,11
1045,11
1046,11
1047,6
1048,7
1049,11
1050,6
1051,6
1052,6
1053,11
1054,6
1055,11
1056,11
1057,6
1058,6
1059,11
1060,11
1061,6
1062,11
1063,11
1064,11
1065,11
1066,11
1067,6
1068,11
1069,6
1070,6
1071,11
1072,11
1073,11
1074,6
1075,11
1076,6
1077,6
1078,11
1079,9
1080,6
1081,11
1082,7
1083,11
1084,11
1085,11
1086,11
1087,11
1088,6
1089,11
1090,11
1091,6
1092,11
1093,6
1094,7
1095,11
1096,1
1097,5
1098,11
1099,6
1100,11
1101,11
1102,6
1103,11
1104,5
1105,11
1106,6
1107,5
1108,2
1109,5
1110,11
1111,5
1112,5
1113,7
1114,11
1115,11
1116,11
1117,9
1118,11
1119,11
1120,7
1121,11
1122,11
1123,11
1124,9
1125,9
1126,6
1127,9
1128,11
1129,9
1130,7
1131,11
1132,6
1133,6
1134,11
1135,6
1136,11
1137,11
1138,6
1139,11
1140,11
1141,3
1142,11
1143,11
1144,11
1145,11
1146,6
1147,11
1148,11
1149,11
1150,11
1151,11
1152,11
1153,11
1154,6
1155,9
1156,11
1157,11
1158,11
1159,11
1160,11
1161,6
1162,6
1163,6
1164,11
1165,11
1166,7
1167,11
1168,11
1169,11
1170,11
1171,11
1172,11
1173,11
1174,9
1175,11
1176,4
1177,11
1178,7
1179,11
1180,12
1181,11
1182,7
1183,4
1184,9
1185,6
1186,11
1187,11
1188,9
1189,6
1190,11
1191,11
1192,11
1193,11
1194,11
1195,11
1196,6
1197,11
1198,11
1199,11
1200,6
1201,11
1202,9
1203,6
1204,11
1205,9
1206,6
1207,6
1208,11
1209,7
1210,11
1211,2
1212,11
1213,11
1214,9
1215,6
1216,11
1217,6
1218,11
1219,1
1220,11
1221,11
1222,3
1223,11
1224,9
1225,11
1226,11
1227,11
1228,11
1229,11
1230,3
1231,11
1232,11
1233,9
1234,9
1235,11
1236,6
1237,6
1238,11
1239,11
1240,6
1241,7
1242,9
1243,11
1244,11
1245,11
1246,9
1247,11
1248,11
1249,11
1250,11
1251,11
1252,11
1253,11
1254,6
1255,6
1256,11
1257,3
1258,6
1259,11
1260,6
1261,9
1262,11
1263,11
1264,11
1265,3
1266,9
1267,11
1268,11
1269,9
1270,9
1271,9
1272,11
1273,9
1274,11
1275,9
1276,11
1277,11
1278,9
1279,11
1280,9
1281,11
1282,11
1283,11
1284,11
1285,11
1286,11
1287,3
1288,11
1289,11
1290,11
1291,6
1292,11
1293,12
1294,11
1295,11
1296,7
1297,11
1298,11
1299,11
1300,11
1301,11
1302,7
1303,11
1304,7
1305,11
1306,11
1307,11
1308,11
1309,11
1310,11
1311,11
1312,11
1313,3
1314,11
1315,11
1316,11
1317,11
1318,11
1319,11
1320,9
1321,11
1322,6
1323,9
1324,9
1325,11
1326,11
1327,11
1328,11
1329,11
1330,11
1331,1
1332,9
1333,11
1334,11
1335,11
1336,7
1337,11
1338,11
1339,5
1340,11
1341,11
1342,11
1343,7
1344,6
1345,11
1346,7
1347,11
1348,11
1349,11
1350,6
1351,11
1352,11
1353,11
1354,6
1355,7
1356,11
1357,11
1358,11
1359,11
1360,5
1361,11
1362,6
1363,11
1364,1
1365,11
1366,11
1367,11
1368,6
1369,11
1370,11
1371,11
1372,11
1373,11
1374,11
1375,11
1376,1
1377,11
1378,11
1379,11
1380,11
1381,11
1382,7
1383,11
1384,9
1385,11
1386,11
1387,6
1388,6
1389,9
1390,11
1391,11
1392,11
1393,11
1394,11
1395,7
1396,11
1397,7
1398,11
1399,11
1400,6
1401,11
1402,11
1403,1
1404,7
1405,6
1406,11
1407,6
1408,11
1409,11
1410,7
1411,11
1412,11
1413,11
1414,11
1415,11
1416,11
1417,11
1418,11
1419,6
1420,7
1421,11
1422,1
1423,11
1424,11
1425,11
1426,11
1427,7
1428,11
1429,11
1430,11
1431,6
1432,11
1433,11
1434,7
1435,9
1436,6
1437,11
1438,11
1439,7
1440,11
1441,6
1442,11
1443,11
1444,11
1445,11
1446,11
1447,6
1448,11
1449,11
1450,11
1451,11
1452,9
1453,11
1454,9
1455,11
1456,11
1457,11
1458,11
1459,11
1460,11
1461,6
1462,11
1463,9
1464,1
1465,3
1466,11
1467,6
1468,7
1469,11
1470,9
1471,7
1472,6
1473,11
1474,7
1475,7
1476,11
1477,11
1478,1
1479,11
1480,9
1481,11
1482,11
1483,6
1484,11
1485,9
1486,9
1487,11
1488,11
1489,11
1490,11
1491,7
1492,11
1493,11
1494,8
1495,11
1496,11
1497,11
1498,11
1499,11
1500,11
1501,11
1502,11
1503,6
1504,11
1505,11
1506,11
1507,11
1508,11
1509,7
1510,11
1511,11
1512,11
1513,11
1514,11
1515,11
1516,11
1517,1
1518,7
1519,6
1520,11
1521,11
1522,11
1523,11
1524,11
1525,11
1526,11
1527,5
1528,11
1529,5
1530,5
1531,11
1532,11
1533,11
1534,11
1535,11
1536,11
1537,11
1538,11
1539,6
1540,6
1541,11
1542,11
1543,11
1544,11
1545,11
1546,11
1547,11
1548,7
1549,11
1550,7
1551,11
1552,5
1553,11
1554,11
1555,6
1556,11
1557,11
1558,7
1559,11
1560,11
1561,11
1562,7
1563,6
1564,3
1565,7
1566,6
1567,11
1568,11
1569,6
1570,6
1571,6
1572,7
1573,6
1574,6
1575,11
1576,6
1577,7
1578,11
1579,11
1580,11
1581,6
1582,7
1583,11
1584,11
1585,11
1586,11
1587,11
1588,11
1589,7
1590,1
1591,1
1592,11
1593,6
1594,7
1595,11
1596,9
1597,11
1598,11
1599,11
1600,6
1601,7
1602,6
1603,6
1604,11
1605,7
1606,11
1607,11
1608,7
1609,11
1610,6
1611,9
1612,11
1613,11
1614,11
1615,6
1616,11
1617,11
1618,6
1619,6
1620,6
1621,11
1622,6
1623,9
1624,11
1625,5
1626,11
1627,11
1628,11
1629,6
1630,11
1631,11
1632,11
1633,7
1634,7
1635,11
1636,5
1637,11
1638,11
1639,9
1640,11
1641,11
1642,1
1643,5
1644,5
1645,6
1646,6
1647,6
1648,5
1649,6
1650,11
1651,9
1652,9
1653,11
1654,5
1655,7
1656,11
1657,5
1658,11
1659,9
1660,6
1661,5
1662,6
1663,11
1664,11
1665,11
1666,7
1667,1
1668,7
1669,5
1670,6
1671,11
1672,11
1673,6
1674,5
1675,11
1676,11
1677,6
1678,7
1679,11
1680,11
1681,11
1682,11
1683,11
1684,11
1685,11
1686,7
1687,9
1688,11
1689,11
1690,11
1691,11
1692,7
1693,12
1694,7
1695,6
1696,11
1697,6
1698,11
1699,11
1700,11
1701,11
1702,6
1703,11
1704,11
1705,11
1706,11
1707,11
1708,6
1709,11
1710,7
1711,11
1712,11
1713,6
1714,6
1715,11
1716,11
1717,6
1718,11
1719,11
1720,6
1721,6
1722,11
1723,9
1724,4
1725,9
1726,6
1727,11
1728,11
1729,7
1730,11
1731,7
1732,11
1733,11
1734,6
1735,11
1736,11
1737,9
1738,11
1739,11
1740,3
1741,4
1742,11
1743,11
1744,11
1745,7
1746,11
1747,11
1748,6
1749,9
1750,9
1751,11
1752,11
1753,11
1754,11
1755,11
1756,11
1757,11
1758,11
1759,11
1760,11
1761,6
1762,11
1763,7
1764,11
1765,11
1766,6
1767,6
1768,7
1769,11
1770,11
1771,6
1772,11
1773,7
1774,7
1775,11
1776,9
1777,11
1778,11
1779,11
1780,11
1781,11
1782,6
1783,11
1784,11
1785,7
1786,11
1787,11
1788,11
1789,11
1790,7
1791,11
1792,9
1793,11
1794,11
1795,11
1796,11
1797,11
1798,11
1799,11
1800,9
1801,11
1802,11
1803,11
1804,11
1805,6
1806,11
1807,11
1808,11
1809,11
1810,7
1811,11
1812,11
1813,9
1814,6
1815,11
1816,11
1817,11
1818,11
1819,6
1820,11
1821,11
1822,9
1823,11
1824,11
1825,11
1826,11
1827,6
1828,11
1829,1
1830,11
1831,11
1832,11
1833,11
1834,11
1835,11
1836,11
1837,9
1838,11
1839,11
1840,11
1841,11
1842,7
1843,11
1844,8
1845,11
1846,11
1847,9
1848,11
1849,11
1850,11
1851,12
1852,6
1853,6
1854,11
1855,11
1856,11
1857,6
1858,11
1859,11
1860,7
1861,11
1862,11
1863,11
1864,6
1865,5
1866,11
1867,4
1868,11
1869,11
1870,5
1871,5
1872,11
1873,11
1874,11
1875,3
1876,11
1877,11
1878,11
1879,11
1880,11
1881,11
1882,6
1883,11
1884,7
1885,6
1886,11
1887,11
1888,9
1889,11
1890,1
1891,6
1892,7
1893,6
1894,6
1895,11
1896,6
1897,6
1898,11
1899,8
1900,7
1901,11
1902,11
1903,11
1904,11
1905,11
1906,11
1907,11
1908,11
1909,11
1910,11
1911,11
1912,7
1913,6
1914,7
1915,9
1916,11
1917,11
1918,7
1919,11
1920,6
1921,6
1922,11
1923,6
1924,11
1925,6
1926,6
1927,5
1928,11
1929,6
1930,11
1931,6
1932,11
1933,11
1934,11
1935,9
1936,6
1937,6
1938,11
1939,11
1940,11
1941,11
1942,6
1943,1
1944,11
1945,11
1946,11
1947,11
1948,11
1949,5
1950,11
1951,11
1952,7
1953,11
1954,11
1955,11
1956,11
1957,5
1958,11
1959,11
1960,6
1961,11
1962,11
1963,5
1964,5
1965,5
1966,11
1967,6
1968,11
1969,11
1970,11
1971,11
1972,6
1973,11
1974,11
1975,11
1976,9
1977,11
1978,11
1979,11
1980,11
1981,9
1982,6
1983,11
1984,11
1985,7
1986,6
1987,11
1988,6
1989,11
1990,11
1991,11
1992,11
1993,11
1994,11
1995,6
1996,11
1997,7
1998,11
1999,7
2000,6
2001,6
2002,7
2003,6
2004,11
2005,6
2006,11
2007,6
2008,7
2009,11
2010,11
2011,11
2012,11
2013,11
2014,7
2015,11
2016,11
2017,11
2018,11
2019,11
2020,6
2021,11
2022,6
2023,11
2024,11
2025,11
2026,11
2027,11
2028,7
2029,1
2030,11
2031,7
2032,12
2033,11
2034,11
2035,10
2036,11
2037,11
2038,6
2039,11
2040,3
2041,7
2042,11
2043,11
2044,6
2045,11
2046,11
2047,11
2048,11
2049,9
2050,11
2051,6
2052,6
2053,11
2054,11
2055,11
2056,11
2057,11
2058,7
2059,7
2060,11
2061,11
2062,11
2063,6
2064,11
2065,11
2066,11
2067,11
2068,11
2069,6
2070,11
2071,11
2072,11
2073,7
2074,11
2075,11
2076,6
2077,6
2078,11
2079,11
2080,9
2081,5
2082,11
2083,6
2084,11
2085,9
2086,7
2087,11
2088,7
2089,11
2090,6
2091,6
2092,11
2093,5
2094,7
2095,11
2096,11
2097,6
2098,11
2099,7
2100,1
2101,11
2102,11
2103,11
2104,11
2105,9
2106,6
2107,9
2108,11
2109,11
2110,11
2111,7
2112,11
2113,11
2114,11
2115,7
2116,6
2117,7
2118,11
2119,11
2120,11
2121,10
2122,11
2123,7
2124,6
2125,1
2126,11
2127,11
2128,11
2129,5
2130,6
2131,6
2132,7
2133,5
2134,7
2135,6
2136,9
2137,11
2138,11
2139,11
2140,11
2141,11
2142,11
2143,11
2144,11
2145,6
2146,6
2147,11
2148,7
2149,11
2150,11
2151,7
2152,6
2153,11
2154,6
2155,7
2156,11
2157,11
2158,8
2159,6
2160,11
2161,11
2162,6
2163,11
2164,11
2165,11
2166,11
2167,6
2168,11
2169,7
2170,11
2171,11
2172,11
2173,11
2174,6
2175,11
2176,6
2177,11
2178,11
2179,6
2180,11
2181,6
2182,11
2183,11
2184,5
2185,7
2186,6
2187,9
2188,11
2189,7
2190,6
2191,6
2192,11
2193,11
2194,11
2195,11
2196,7
2197,11
2198,1
2199,7
2200,11
2201,11
2202,11
2203,11
2204,6
2205,11
2206,6
2207,7
2208,11
2209,11
2210,11
2211,11
2212,11
2213,11
2214,11
2215,11
2216,1
2217,11
2218,11
2219,1
2220,11
2221,11
2222,1
2223,11
2224,11
2225,11
2226,11
2227,7
2228,10
2229,8
2230,6
2231,6
2232,12
2233,11
2234,6
2235,11
2236,11
2237,7
2238,6
2239,6
2240,7
2241,7
2242,11
2243,11
2244,11
2245,6
2246,10
2247,11
2248,11
2249,11
2250,11
2251,11
2252,6
2253,11
2254,6
2255,11
2256,6
2257,11
2258,6
2259,6
2260,11
2261,7
2262,1
2263,1
2264,11
2265,11
2266,3
2267,6
2268,6
2269,6
2270,4
2271,11
2272,11
2273,1
2274,6
2275,9
2276,11
2277,11
2278,11
2279,11
2280,9
2281,6
2282,6
2283,7
2284,11
2285,11
2286,12
2287,6
2288,11
2289,3
2290,11
2291,11
2292,11
2293,11
2294,11
2295,11
2296,6
2297,11
2298,6
2299,11
2300,1
2301,7
2302,11
2303,11
2304,11
2305,11
2306,11
2307,7
2308,11
2309,11
2310,11
2311,1
2312,6
2313,6
2314,11
2315,7
2316,7
2317,11
2318,11
2319,11
2320,12
2321,1
2322,1
2323,6
2324,11
2325,11
2326,6
2327,11
2328,11
2329,11
2330,8
2331,11
2332,7
2333,6
2334,7
2335,7
2336,1
2337,11
2338,11
2339,9
2340,9
2341,1
2342,11
2343,6
2344,11
2345,7
2346,6
2347,6
2348,3
2349,11
2350,7
2351,7
2352,11
2353,11
2354,11
2355,11
2356,11
2357,11
2358,6
2359,11
2360,7
2361,9
2362,12
2363,6
2364,11
2365,6
2366,1
2367,6
2368,6
2369,11
2370,6
2371,7
2372,11
2373,7
2374,11
2375,7
2376,11
2377,9
2378,11
2379,11
2380,6
2381,11
2382,11
2383,11
2384,6
2385,11
2386,6
2387,11
2388,11
2389,11
2390,11
2391,6
2392,11
2393,11
2394,11
2395,6
2396,11
2397,1
2398,6
2399,6
2400,11
2401,6
2402,6
2403,7
2404,7
2405,11
2406,6
2407,11
2408,6
2409,11
2410,7
2411,6
2412,9
2413,6
2414,8
2415,6
2416,11
2417,11
2418,11
2419,11
2420,11
2421,11
2422,11
2423,7
2424,6
2425,11
2426,9
2427,6
2428,11
2429,11
2430,11
2431,9
2432,6
2433,11
2434,11
2435,11
2436,11
2437,7
2438,6
2439,6
2440,9
2441,1
2442,11
2443,6
2444,7
2445,9
2446,7
2447,6
2448,11
2449,11
2450,7
2451,11
2452,11
2453,6
2454,6
2455,11
2456,11
2457,6
2458,11
2459,6
2460,6
2461,6
2462,11
2463,11
2464,11
2465,7
2466,12
2467,11
2468,11
2469,11
2470,11
2471,9
2472,11
2473,6
2474,1
2475,11
2476,11
2477,11
2478,11
2479,11
2480,7
2481,11
2482,11
2483,11
2484,6
2485,11
2486,11
2487,8
2488,11
2489,12
2490,6
2491,11
2492,6
2493,11
2494,11
2495,12
2496,11
2497,11
2498,11
2499,11
2500,7
2501,11
2502,11
2503,12
2504,11
2505,1
2506,11
2507,6
2508,1
2509,8
2510,11
2511,7
2512,11
2513,9
2514,11
2515,7
2516,5
2517,11
2518,11
2519,6
2520,11
2521,6
2522,11
2523,11
2524,11
2525,6
2526,6
2527,11
2528,9
2529,12
2530,6
2531,11
2532,11
2533,12
2534,6
2535,11
2536,11
2537,6
2538,9
2539,11
2540,6
2541,11
2542,11
2543,11
2544,11
2545,11
2546,11
2547,12
2548,6
2549,6
2550,3
2551,11
2552,11
2553,6
2554,11
2555,11
2556,11
2557,11
2558,12
2559,11
2560,7
2561,11
2562,11
2563,6
2564,6
2565,11
2566,11
2567,11
2568,7
2569,11
2570,6
2571,7
2572,11
2573,11
2574,11
2575,11
2576,11
2577,6
2578,11
2579,11
2580,11
2581,6
2582,6
2583,7
2584,6
2585,11
2586,12
2587,11
2588,11
2589,11
2590,11
2591,11
2592,11
2593,11
2594,11
2595,11
2596,11
2597,11
2598,6
2599,11
2600,11
2601,11
2602,6
2603,11
2604,6
2605,4
2606,11
2607,11
2608,11
2609,6
2610,11
2611,6
2612,6
2613,11
2614,11
2615,7
2616,11
2617,11
2618,11
2619,11
2620,6
2621,11
2622,11
2623,6
2624,11
2625,11
2626,7
2627,6
2628,6
2629,11
2630,7
2631,7
2632,7
2633,11
2634,6
2635,9
2636,11
2637,11
2638,11
2639,11
2640,11
2641,11
2642,11
2643,1
2644,11
2645,11
2646,11
2647,11
2648,1
2649,11
2650,11
2651,6
2652,6
2653,11
2654,9
2655,11
2656,6
2657,11
2658,11
2659,11
2660,7
2661,6
2662,11
2663,6
2664,5
2665,11
2666,12
2667,11
2668,8
2669,11
2670,6
2671,11
2672,11
2673,11
2674,11
2675,11
2676,9
2677,11
2678,11
2679,9
2680,11
2681,6
2682,6
2683,7
2684,11
2685,11
2686,6
2687,11
2688,11
2689,11
2690,11
2691,7
2692,6
2693,1
2694,11
2695,6
2696,10
2697,11
2698,11
2699,11
2700,11
2701,9
2702,6
2703,6
2704,11
2705,11
2706,12
2707,6
2708,11
2709,6
2710,11
2711,11
2712,11
2713,6
2714,3
2715,7
2716,6
2717,11
2718,11
2719,11
2720,6
2721,6
2722,11
2723,6
2724,11
2725,7
2726,11
2727,9
2728,11
2729,11
2730,6
2731,9
2732,11
2733,11
2734,11
2735,11
2736,11
2737,11
2738,11
2739,11
2740,6
2741,11
2742,11
2743,11
2744,1
2745,7
2746,6
2747,1
2748,6
2749,11
2750,7
2751,7
2752,11
2753,11
2754,11
2755,11
2756,11
2757,11
2758,3
2759,11
2760,6
2761,6
2762,6
2763,11
2764,11
2765,11
2766,11
2767,6
2768,11
2769,6
2770,9
2771,7
2772,6
2773,6
2774,9
2775,11
2776,12
2777,6
2778,11
2779,11
2780,9
2781,11
2782,6
2783,6
2784,11
2785,11
2786,6
2787,12
2788,11
2789,11
2790,6
2791,11
2792,7
2793,6
2794,11
2795,6
2796,7
2797,11
2798,9
2799,11
2800,7
2801,6
2802,6
2803,11
2804,9
2805,6
2806,7
2807,11
2808,11
2809,9
2810,11
2811,6
2812,11
2813,11
2814,11
2815,11
2816,6
2817,6
2818,11
2819,11
2820,12
2821,7
2822,6
2823,11
2824,6
2825,11
2826,11
2827,11
2828,9
2829,12
2830,11
2831,11
2832,11
2833,6
2834,11
2835,11
2836,7
2837,7
2838,11
2839,6
2840,11
2841,11
2842,7
2843,11
2844,11
2845,12
2846,9
2847,11
2848,11
2849,11
2850,11
2851,10
2852,7
2853,11
2854,6
2855,11
2856,3
2857,6
2858,12
2859,6
2860,1
2861,7
2862,11
2863,11
2864,9
2865,7
2866,11
2867,11
2868,7
2869,6
2870,3
2871,11
2872,11
2873,7
2874,11
2875,11
2876,11
2877,6
2878,7
2879,7
2880,11
2881,11
2882,11
2883,6
2884,11
2885,6
2886,11
2887,11
2888,9
2889,11
2890,11
2891,6
2892,6
2893,11
2894,11
2895,6
2896,11
2897,11
2898,11
2899,11
2900,9
2901,11
2902,6
2903,6
2904,11
2905,1
2906,6
2907,1
2908,11
2909,11
2910,11
2911,6
2912,6
2913,4
2914,6
2915,6
2916,6
2917,6
2918,6
2919,7
2920,6
2921,12
2922,11
2923,11
2924,11
2925,6
2926,11
2927,11
2928,1
2929,7
2930,11
2931,11
2932,11
2933,11
2934,11
2935,11
2936,6
2937,8
2938,6
2939,7
2940,11
2941,11
2942,7
2943,7
2944,11
2945,6
2946,6
2947,11
2948,11
2949,7
2950,11
2951,11
2952,11
2953,7
2954,7
2955,7
2956,11
2957,7
2958,11
2959,6
2960,9
2961,11
2962,11
2963,6
2964,11
2965,11
2966,11
2967,10
2968,11
2969,11
2970,11
2971,11
2972,1
2973,6
2974,6
2975,7
2976,6
2977,6
2978,9
2979,11
2980,11
2981,11
2982,6
2983,11
2984,1
2985,6
2986,6
2987,9
2988,7
2989,6
2990,6
2991,11
2992,11
2993,11
2994,11
2995,1
2996,6
2997,7
2998,11
2999,11
3000,11
3001,11
3002,11
3003,6
3004,9
3005,6
3006,6
3007,9
3008,6
3009,11
3010,6
3011,1
3012,11
3013,11
3014,6
3015,11
3016,11
3017,6
3018,11
3019,6
3020,11
3021,11
3022,11
3023,3
3024,11
3025,6
3026,11
3027,11
3028,6
3029,7
3030,6
3031,11
3032,11
3033,11
3034,11
3035,11
3036,5
3037,6
3038,6
3039,9
3040,11
3041,6
3042,11
3043,11
3044,11
3045,6
3046,12
3047,7
3048,11
3049,11
3050,11
3051,11
3052,11
3053,11
3054,11
3055,6
3056,11
3057,6
3058,11
3059,6
3060,1
3061,6
3062,7
3063,11
3064,6
3065,7
3066,7
3067,11
3068,6
3069,11
3070,8
3071,12
3072,9
3073,11
3074,9
3075,11
3076,6
3077,11
3078,8
3079,11
3080,11
3081,11
3082,6
3083,1
3084,6
3085,6
3086,11
3087,6
3088,11
3089,6
3090,11
3091,6
3092,11
3093,6
3094,9
3095,11
3096,7
3097,6
3098,11
3099,6
3100,8
3101,6
3102,9
3103,11
3104,11
3105,11
3106,11
3107,11
3108,11
3109,4
3110,11
3111,11
3112,11
3113,6
3114,11
3115,4
3116,11
3117,11
3118,6
3119,11
3120,6
3121,3
3122,11
3123,11
3124,11
3125,1
3126,12
3127,11
3128,7
3129,6
3130,11
3131,7
3132,6
3133,11
3134,11
3135,11
3136,11
3137,11
3138,6
3139,11
3140,12
3141,11
3142,6
3143,6
3144,6
3145,11
3146,6
3147,11
3148,11
3149,7
3150,11
3151,11
3152,11
3153,11
3154,11
3155,11
3156,11
3157,6
3158,6
3159,11
3160,6
3161,6
3162,7
3163,7
3164,11
3165,11
3166,7
3167,7
3168,6
3169,11
3170,11
3171,6
3172,11
3173,11
3174,11
3175,11
3176,6
3177,11
3178,11
3179,11
3180,11
3181,11
3182,11
3183,2
3184,6
3185,6
3186,11
3187,11
3188,12
3189,7
3190,6
3191,11
3192,7
3193,11
3194,7
3195,11
3196,6
3197,11
3198,7
3199,9
3200,11
3201,6
3202,11
3203,11
3204,7
3205,11
3206,6
3207,11
3208,11
3209,9
3210,6
3211,9
3212,6
3213,11
3214,6
3215,12
3216,7
3217,11
3218,11
3219,7
3220,11
3221,11
3222,11
3223,7
3224,11
3225,11
3226,7
3227,11
3228,11
3229,9
3230,11
3231,11
3232,7
3233,12
3234,6
3235,11
3236,11
3237,11
3238,11
3239,7
3240,11
3241,11
3242,11
3243,6
3244,11
3245,6
3246,11
3247,11
3248,7
3249,11
3250,6
3251,11
3252,11
3253,11
3254,11
3255,9
3256,11
3257,7
3258,11
3259,6
3260,11
3261,11
3262,11
3263,11
3264,6
3265,11
3266,3
3267,4
3268,11
3269,11
3270,11
3271,7
3272,6
3273,1
3274,7
3275,7
3276,11
3277,6
3278,8
3279,6
3280,6
3281,12
3282,11
3283,11
3284,11
3285,11
3286,6
3287,11
3288,11
3289,11
3290,9
3291,6
3292,7
3293,10
3294,6
3295,6
3296,11
3297,11
3298,11
3299,11
3300,7
3301,11
3302,11
3303,11
3304,6
3305,11
3306,7
3307,6
3308,11
3309,11
3310,7
3311,11
3312,9
3313,11
3314,11
3315,11
3316,11
3317,6
3318,6
3319,6
3320,6
3321,6
3322,11
3323,11
3324,6
3325,11
3326,11
3327,11
3328,11
3329,11
3330,6
3331,7
3332,11
3333,11
3334,11
3335,11
3336,12
3337,6
3338,11
3339,11
3340,11
3341,6
3342,6
3343,1
3344,11
3345,7
3346,11
3347,11
3348,7
3349,7
3350,11
3351,8
3352,6
3353,6
3354,11
3355,11
3356,11
3357,6
3358,11
3359,11
3360,6
3361,11
3362,12
3363,6
3364,6
3365,6
3366,11
3367,1
3368,11
3369,7
3370,6
3371,7
3372,11
3373,11
3374,11
3375,6
3376,11
3377,1
3378,7
3379,6
3380,11
3381,7
3382,11
3383,11
3384,6
3385,6
3386,11
3387,11
3388,11
3389,7
3390,11
3391,7
3392,11
3393,6
3394,7
3395,11
3396,11
3397,11
3398,11
3399,11
3400,11
3401,5
3402,11
3403,5
3404,11
3405,11
3406,6
3407,7
3408,11
3409,8
3410,6
3411,7
3412,6
3413,11
3414,6
3415,11
3416,11
3417,8
3418,12
3419,6
3420,6
3421,6
3422,6
3423,5
3424,11
3425,7
3426,6
3427,7
3428,11
3429,11
3430,11
3431,7
3432,1
3433,11
3434,5
3435,7
3436,6
3437,6
3438,11
3439,1
3440,6
3441,6
3442,6
3443,11
3444,11
3445,6
3446,8
3447,11
3448,11
3449,11
3450,11
3451,7
3452,7
3453,7
3454,6
3455,5
3456,8
3457,7
3458,12
3459,11
3460,5
3461,6
3462,7
3463,2
3464,7
3465,9
3466,6
3467,5
3468,5
3469,11
3470,11
3471,11
3472,11
3473,11
3474,5
3475,7
3476,5
3477,6
3478,5
3479,12
3480,9
3481,11
3482,6
3483,5
3484,5
3485,7
3486,11
3487,11
3488,6
3489,6
3490,11
3491,11
3492,11
3493,7
3494,7
3495,6
3496,9
3497,5
3498,7
3499,5
3500,6
3501,5
3502,11
3503,7
3504,8
3505,9
3506,6
3507,11
3508,9
3509,11
3510,11
3511,7
3512,11
3513,5
3514,11
3515,6
3516,11
3517,11
3518,11
3519,11
3520,11
3521,7
3522,3
3523,7
3524,5
3525,11
3526,11
3527,11
3528,6
3529,11
3530,7
3531,9
3532,5
3533,5
3534,11
3535,12
3536,7
3537,12
3538,9
3539,6
3540,3
3541,11
3542,7
3543,11
3544,11
3545,3
3546,9
3547,7
3548,5
3549,11
3550,7
3551,6
3552,7
3553,11
3554,8
3555,11
3556,6
3557,11
3558,11
3559,12
3560,6
3561,12
3562,5
3563,5
3564,5
3565,11
3566,11
3567,11
3568,12
3569,11
3570,11
3571,5
3572,11
3573,7
3574,9
3575,9
3576,7
3577,11
3578,11
3579,9
3580,9
3581,11
3582,8
3583,11
3584,11
3585,5
3586,5
3587,5
3588,6
3589,6
3590,11
3591,11
3592,5
3593,5
3594,6
3595,5
3596,6
3597,5
3598,11
3599,5
3600,5
3601,5
3602,11
3603,5
3604,5
3605,7
3606,5
3607,5
3608,11
3609,5
3610,11
3611,11
3612,6
3613,5
3614,11
3615,5
3616,5
3617,12
3618,7
3619,6
3620,9
3621,11
3622,11
3623,6
3624,11
3625,7
3626,11
3627,11
3628,11
3629,3
3630,6
3631,5
3632,11
3633,11
3634,3
3635,7
3636,11
3637,7
3638,7
3639,7
3640,6
3641,11
3642,11
3643,9
3644,11
3645,11
3646,11
3647,6
3648,5
3649,6
3650,6
3651,7
3652,6
3653,7
3654,12
3655,11
3656,7
3657,7
3658,5
3659,12
3660,7
3661,7
3662,7
3663,11
3664,11
3665,11
3666,11
3667,7
3668,11
3669,8
3670,9
3671,6
3672,9
3673,9
3674,6
3675,6
3676,6
3677,7
3678,7
3679,9
3680,11
3681,11
3682,11
3683,11
3684,11
3685,11
3686,6
3687,11
3688,11
3689,9
3690,11
3691,7
3692,9
3693,11
3694,11
3695,11
3696,7
3697,11
3698,11
3699,1
3700,11
3701,11
3702,2
3703,7
3704,6
3705,9
3706,11
3707,11
3708,7
3709,11
3710,7
3711,9
3712,7
3713,11
3714,6
3715,11
3716,11
3717,11
3718,6
3719,6
3720,11
3721,11
3722,11
3723,11
3724,11
3725,4
3726,11
3727,9
3728,7
3729,6
3730,11
3731,11
3732,11
3733,11
3734,8
3735,6
3736,12
3737,7
3738,6
3739,12
3740,11
3741,11
3742,7
3743,11
3744,11
3745,7
3746,6
3747,9
3748,11
3749,11
3750,7
3751,6
3752,11
3753,6
3754,6
3755,12
3756,6
3757,3
3758,6
3759,7
3760,9
3761,7
3762,1
3763,6
3764,1
3765,11
3766,6
3767,9
3768,7
3769,11
3770,11
3771,11
3772,11
3773,9
3774,11
3775,6
3776,6
3777,7
3778,6
3779,5
3780,11
3781,11
3782,11
3783,11
3784,11
3785,11
3786,1
3787,11
3788,11
3789,12
3790,11
3791,12
3792,6
3793,7
3794,11
3795,11
3796,11
3797,11
3798,11
3799,7
3800,11
3801,7
3802,11
3803,11
3804,11
3805,1
3806,11
3807,11
3808,6
3809,11
3810,7
3811,11
3812,6
3813,6
3814,6
3815,6
3816,11
3817,11
3818,11
3819,11
3820,9
3821,11
3822,3
3823,7
3824,11
3825,6
3826,12
3827,6
3828,12
3829,6
3830,7
3831,11
3832,11
3833,3
3834,11
3835,7
3836,11
3837,11
3838,11
3839,11
3840,7
3841,11
3842,7
3843,11
3844,11
3845,7
3846,11
3847,6
3848,7
3849,11
3850,11
3851,11
3852,11
3853,11
3854,11
3855,6
3856,6
3857,3
3858,11
3859,11
3860,9
3861,11
3862,11
3863,11
3864,11
3865,6
3866,6
3867,11
3868,6
3869,11
3870,6
3871,3
3872,11
3873,11
3874,11
3875,11
3876,11
3877,11
3878,11
3879,11
3880,11
3881,6
3882,11
3883,7
3884,11
3885,1
3886,11
3887,11
3888,11
3889,11
3890,11
3891,11
3892,6
3893,6
3894,6
3895,11
3896,5
3897,7
3898,11
3899,11
3900,11
3901,7
3902,11
3903,11
3904,7
3905,12
3906,6
3907,6
3908,9
3909,6
3910,11
3911,11
3912,6
3913,11
3914,7
3915,6
3916,11
3917,11
3918,11
3919,11
3920,9
3921,6
3922,11
3923,11
3924,6
3925,11
3926,6
3927,8
3928,7
3929,7
3930,11
3931,7
3932,11
3933,6
3934,11
3935,11
3936,11
3937,9
3938,11
3939,7
3940,11
3941,11
3942,11
3943,11
3944,7
3945,6
3946,11
3947,11
3948,6
3949,11
3950,7
3951,11
3952,11
3953,7
3954,11
3955,11
3956,6
3957,7
3958,9
3959,11
3960,11
3961,7
3962,11
3963,11
3964,11
3965,11
3966,11
3967,1
3968,11
3969,11
3970,11
3971,11
3972,11
3973,6
3974,11
3975,11
3976,9
3977,12
3978,11
3979,11
3980,11
3981,11
3982,11
3983,11
3984,6
3985,11
3986,11
3987,7
3988,11
3989,11
3990,11
3991,6
3992,11
3993,8
3994,6
3995,9
3996,11
3997,7
3998,5
3999,11
4000,6
4001,11
4002,6
4003,11
4004,11
4005,11
4006,11
4007,6
4008,11
4009,11
4010,11
4011,11
4012,11
4013,6
4014,6
4015,11
4016,6
4017,9
4018,11
4019,11
4020,11
4021,11
4022,6
4023,7
4024,11
4025,7
4026,11
4027,11
4028,7
4029,6
4030,11
4031,11
4032,12
4033,7
4034,6
4035,9
4036,11
4037,7
4038,6
4039,11
4040,11
4041,11
4042,7
4043,7
4044,12
4045,6
4046,11
4047,8
4048,9
4049,6
4050,11
4051,12
4052,11
4053,11
4054,6
4055,11
4056,11
4057,11
4058,11
4059,6
4060,6
4061,6
4062,11
4063,12
4064,7
4065,12
4066,6
4067,11
4068,11
4069,7
4070,11
4071,6
4072,11
4073,11
4074,11
4075,11
4076,6
4077,11
4078,11
4079,12
4080,9
4081,1
4082,11
4083,11
4084,6
4085,11
4086,11
4087,11
4088,11
4089,11
4090,11
4091,6
4092,7
4093,10
4094,11
4095,7
4096,11
4097,6
4098,11
4099,1
4100,7
4101,11
4102,5
4103,9
4104,6
4105,11
4106,11
4107,6
4108,11
4109,11
4110,11
4111,6
4112,1
4113,7
4114,11
4115,11
4116,6
4117,12
4118,6
4119,8
4120,11
4121,7
4122,11
4123,11
4124,7
4125,7
4126,7
4127,12
4128,6
4129,6
4130,6
4131,11
4132,6
4133,9
4134,6
4135,11
4136,11
4137,11
4138,11
4139,6
4140,11
4141,11
4142,1
4143,12
4144,11
4145,11
4146,1
4147,7
4148,11
4149,6
4150,7
4151,11
4152,7
4153,11
4154,11
4155,11
4156,11
4157,12
4158,11
4159,7
4160,11
4161,11
4162,6
4163,6
4164,1
4165,11
4166,11
4167,6
4168,11
4169,11
4170,11
4171,11
4172,11
4173,11
4174,6
4175,11
4176,11
4177,6
4178,12
4179,11
4180,6
4181,11
4182,11
4183,7
4184,6
4185,7
4186,7
4187,11
4188,11
4189,8
4190,6
4191,7
4192,6
4193,11
4194,11
4195,11
4196,6
4197,5
4198,11
4199,7
4200,5
4201,11
4202,6
4203,5
4204,6
4205,6
4206,11
4207,7
4208,6
4209,6
4210,11
4211,6
4212,8
4213,9
4214,11
4215,11
4216,7
4217,1
4218,7
4219,6
4220,11
4221,6
4222,11
4223,11
4224,11
4225,6
4226,11
4227,7
4228,6
4229,11
4230,11
4231,6
4232,6
4233,11
4234,6
4235,11
4236,11
4237,6
4238,3
4239,1
4240,11
4241,11
4242,11
4243,11
4244,6
4245,6
4246,11
4247,4
4248,6
4249,11
4250,6
4251,11
4252,7
4253,6
4254,11
4255,11
4256,11
4257,6
4258,6
4259,11
4260,11
4261,6
4262,12
4263,6
4264,6
4265,6
4266,12
4267,11
4268,11
4269,11
4270,6
4271,6
4272,6
4273,6
4274,6
4275,11
4276,6
4277,11
4278,9
4279,11
4280,11
4281,11
4282,7
4283,6
4284,6
4285,11
4286,11
4287,11
4288,11
4289,2
4290,11
4291,11
4292,6
4293,11
4294,11
4295,11
4296,11
4297,11
4298,11
4299,11
4300,1
4301,12
4302,11
4303,1
4304,6
4305,9
4306,11
4307,6
4308,11
4309,7
4310,11
4311,12
4312,7
4313,11
4314,11
4315,11
4316,6
4317,11
4318,6
4319,6
4320,11
4321,8
4322,5
4323,11
4324,7
4325,12
4326,11
4327,7
4328,7
4329,6
4330,6
4331,11
4332,11
4333,4
4334,7
4335,11
4336,11
4337,11
4338,11
4339,11
4340,6
4341,11
4342,11
4343,11
4344,11
4345,11
4346,7
4347,11
4348,11
4349,11
4350,11
4351,11
4352,11
4353,6
4354,7
4355,7
4356,11
4357,11
4358,11
4359,6
4360,11
4361,11
4362,1
4363,12
4364,11
4365,11
4366,6
4367,6
4368,11
4369,11
4370,11
4371,7
4372,12
4373,6
4374,6
4375,11
4376,11
4377,5
4378,11
4379,11
4380,12
4381,6
4382,6
4383,11
4384,11
4385,11
4386,10
4387,11
4388,11
4389,5
4390,11
4391,11
4392,11
4393,11
4394,7
4395,6
4396,11
4397,11
4398,6
4399,11
4400,11
4401,7
4402,12
4403,7
4404,6
4405,11
4406,11
4407,11
4408,7
4409,11
4410,11
4411,7
4412,6
4413,11
4414,11
4415,6
4416,11
4417,12
4418,6
4419,6
4420,11
4421,11
4422,12
4423,11
4424,11
4425,11
4426,11
4427,11
4428,12
4429,9
4430,11
4431,11
4432,7
4433,6
4434,6
4435,11
4436,9
4437,11
4438,3
4439,11
4440,11
4441,7
4442,11
4443,11
4444,11
4445,11
4446,5
4447,11
4448,1
4449,11
4450,6
4451,11
4452,11
4453,11
4454,11
4455,5
4456,7
4457,5
4458,11
4459,11
4460,11
4461,11
4462,8
4463,11
4464,11
4465,6
4466,7
4467,11
4468,11
4469,11
4470,11
4471,7
4472,6
4473,11
4474,11
4475,11
4476,6
4477,11
4478,7
4479,11
4480,6
4481,6
4482,6
4483,11
4484,11
4485,7
4486,11
4487,7
4488,11
4489,7
4490,7
4491,11
4492,1
4493,7
4494,11
4495,9
4496,6
4497,6
4498,1
4499,7
4500,12
4501,11
4502,11
4503,7
4504,11
4505,7
4506,7
4507,11
4508,12
4509,11
4510,6
4511,6
4512,6
4513,11
4514,12
4515,11
4516,9
4517,11
4518,11
4519,11
4520,11
4521,11
4522,11
4523,11
4524,11
4525,6
4526,9
4527,11
4528,5
4529,6
4530,11
4531,4
4532,12
4533,11
4534,11
4535,11
4536,11
4537,6
4538,6
4539,11
4540,11
4541,8
4542,5
4543,5
4544,11
4545,11
4546,6
4547,7
4548,1
4549,11
4550,11
4551,6
4552,7
4553,12
4554,12
4555,6
4556,5
4557,11
4558,6
4559,11
4560,11
4561,6
4562,6
4563,11
4564,11
4565,11
4566,9
4567,6
4568,6
4569,11
4570,11
4571,1
4572,7
4573,11
4574,11
4575,7
4576,6
4577,6
4578,12
4579,8
4580,3
4581,8
4582,11
4583,7
4584,11
4585,11
4586,11
4587,11
4588,6
4589,9
4590,6
4591,9
4592,7
4593,11
4594,11
4595,11
4596,11
4597,11
4598,6
4599,11
4600,7
4601,6
4602,9
4603,6
4604,11
4605,7
4606,11
4607,6
4608,6
4609,6
4610,11
4611,11
4612,6
4613,11
4614,11
4615,7
4616,6
4617,11
4618,6
4619,7
4620,6
4621,6
4622,11
4623,7
4624,6
4625,9
4626,11
4627,7
4628,11
4629,11
4630,11
4631,7
4632,11
4633,11
4634,11
4635,11
4636,6
4637,11
4638,12
4639,11
4640,6
4641,11
4642,11
4643,6
4644,11
4645,9
4646,11
4647,11
4648,9
4649,3
4650,7
4651,1
4652,6
4653,7
4654,9
4655,7
4656,11
4657,6
4658,8
4659,6
4660,11
4661,11
4662,7
4663,12
4664,6
4665,9
4666,11
4667,12
4668,9
4669,11
4670,11
4671,11
4672,6
4673,9
4674,11
4675,11
4676,7
4677,2
4678,11
4679,9
4680,6
4681,11
4682,11
4683,11
4684,7
4685,6
4686,6
4687,7
4688,7
4689,11
4690,6
4691,11
4692,12
4693,11
4694,11
4695,12
4696,7
4697,6
4698,11
4699,11
4700,11
4701,1
4702,11
4703,11
4704,6
4705,11
4706,7
4707,11
4708,11
4709,11
4710,11
4711,6
4712,7
4713,11
4714,11
4715,6
4716,11
4717,11
4718,11
4719,11
4720,12
4721,11
4722,7
4723,11
4724,11
4725,11
4726,6
4727,11
4728,9
4729,6
4730,11
4731,1
4732,11
4733,6
4734,11
4735,11
4736,7
4737,6
4738,11
4739,11
4740,6
4741,11
4742,11
4743,11
4744,6
4745,11
4746,7
4747,9
4748,11
4749,11
4750,11
4751,6
4752,6
4753,6
4754,11
4755,11
4756,11
4757,11
4758,11
4759,1
4760,6
4761,11
4762,7
4763,11
4764,11
4765,7
4766,11
4767,7
4768,6
4769,6
4770,9
4771,6
4772,7
4773,6
4774,7
4775,11
4776,11
4777,6
4778,11
4779,11
4780,3
4781,1
4782,6
4783,9
4784,6
4785,11
4786,12
4787,11
4788,6
4789,9
4790,9
4791,9
4792,11
4793,9
4794,11
4795,11
4796,6
4797,11
4798,7
4799,6
4800,11
4801,11
4802,7
4803,11
4804,8
4805,9
4806,11
4807,11
4808,11
4809,6
4810,11
4811,7
4812,11
4813,11
4814,11
4815,3
4816,6
4817,11
4818,7
4819,6
4820,9
4821,6
4822,7
4823,11
4824,6
4825,11
4826,1
4827,11
4828,11
4829,12
4830,1
4831,6
4832,6
4833,6
4834,7
4835,11
4836,12
4837,11
4838,11
4839,8
4840,11
4841,11
4842,11
4843,12
4844,11
4845,12
4846,11
4847,6
4848,6
4849,7
4850,11
4851,11
4852,7
4853,11
4854,6
4855,11
4856,11
4857,7
4858,6
4859,11
4860,6
4861,11
4862,7
4863,6
4864,11
4865,11
4866,11
4867,9
4868,11
4869,6
4870,9
4871,7
4872,1
4873,11
4874,9
4875,11
4876,9
4877,11
4878,11
4879,7
4880,9
4881,11
4882,6
4883,6
4884,11
4885,11
4886,6
4887,6
4888,11
4889,11
4890,11
4891,8
4892,11
4893,1
4894,6
4895,11
4896,6
4897,6
4898,2
4899,8
4900,11
4901,12
4902,11
4903,9
4904,11
4905,11
4906,11
4907,8
4908,12
4909,9
4910,8
4911,11
4912,11
4913,8
4914,11
4915,11
4916,6
4917,6
4918,11
4919,11
4920,6
4921,6
4922,8
4923,6
4924,8
4925,1
4926,11
4927,11
4928,2
4929,12
4930,11
4931,6
4932,11
4933,12
4934,11
4935,11
4936,11
4937,6
4938,11
4939,9
4940,6
4941,11
4942,7
4943,11
4944,7
4945,8
4946,7
4947,11
4948,11
4949,11
4950,6
4951,6
4952,6
4953,7
4954,11
4955,11
4956,11
4957,6
4958,11
4959,6
4960,11
4961,11
4962,11
4963,11
4964,7
4965,7
4966,11
4967,11
4968,11
4969,11
4970,11
4971,11
4972,9
4973,11
4974,11
4975,6
4976,11
4977,11
4978,7
4979,11
4980,11
4981,7
4982,11
4983,7
4984,11
4985,7
4986,7
4987,11
4988,11
4989,11
4990,11
4991,6
4992,11
4993,7
4994,11
4995,6
4996,7
4997,9
4998,11
4999,11
5000,6
5001,11
5002,9
5003,11
5004,11
5005,6
5006,11
5007,7
5008,6
5009,9
5010,11
5011,11
5012,9
5013,11
5014,7
5015,11
5016,6
5017,6
5018,11
5019,11
5020,6
5021,11
5022,11
5023,11
5024,8
5025,11
5026,11
5027,11
5028,11
5029,7
5030,9
5031,11
5032,9
5033,11
5034,9
5035,4
5036,6
5037,11
5038,9
5039,6
5040,6
5041,11
5042,11
5043,11
5044,11
5045,6
5046,6
5047,6
5048,7
5049,11
5050,11
5051,9
5052,9
5053,6
5054,11
5055,11
5056,6
5057,6
5058,6
5059,6
5060,11
5061,6
5062,7
5063,11
5064,6
5065,11
5066,7
5067,7
5068,6
5069,7
5070,11
5071,9
5072,6
5073,9
5074,6
5075,6
5076,11
5077,11
5078,11
5079,11
5080,11
5081,11
5082,6
5083,6
5084,11
5085,2
5086,11
5087,11
5088,11
5089,7
5090,6
5091,6
5092,7
5093,7
5094,11
5095,6
5096,6
5097,11
5098,3
5099,7
5100,11
5101,11
5102,6
5103,11
5104,11
5105,6
5106,11
5107,6
5108,7
5109,11
5110,7
5111,11
5112,6
5113,11
5114,6
5115,6
5116,11
5117,12
5118,6
5119,6
5120,11
5121,7
5122,11
5123,3
5124,7
5125,11
5126,6
5127,6
5128,11
5129,3
5130,6
5131,7
5132,7
5133,9
5134,11
5135,12
5136,11
5137,6
5138,7
5139,11
5140,7
5141,11
5142,7
5143,11
5144,7
5145,6
5146,11
5147,11
5148,7
5149,12
5150,11
5151,6
5152,12
5153,11
5154,7
5155,11
5156,7
5157,11
5158,11
5159,7
5160,11
5161,7
5162,11
5163,11
5164,6
5165,11
5166,11
5167,6
5168,11
5169,6
5170,11
5171,6
5172,11
5173,11
5174,11
5175,11
5176,6
5177,11
5178,11
5179,11
5180,11
5181,11
5182,6
5183,11
5184,11
5185,6
5186,6
5187,11
5188,11
5189,11
5190,11
5191,7
5192,11
5193,11
5194,7
5195,7
5196,11
5197,6
5198,7
5199,11
5200,11
5201,6
5202,11
5203,6
5204,11
5205,3
5206,6
5207,7
5208,7
5209,6
5210,7
5211,7
5212,11
5213,6
5214,11
5215,12
5216,11
5217,11
5218,11
5219,6
5220,4
5221,6
5222,11
5223,7
5224,11
5225,7
5226,11
5227,7
5228,11
5229,11
5230,11
5231,9
5232,6
5233,6
5234,11
5235,11
5236,11
5237,11
5238,6
5239,11
5240,11
5241,11
5242,11
5243,11
5244,6
5245,11
5246,9
5247,7
5248,6
5249,11
5250,12
5251,6
5252,12
5253,7
5254,9
5255,11
5256,1
5257,9
5258,7
5259,11
5260,11
5261,11
5262,11
5263,6
5264,9
5265,11
5266,12
5267,6
5268,7
5269,11
5270,11
5271,11
5272,6
5273,11
5274,6
5275,7
5276,3
5277,7
5278,12
5279,11
5280,9
5281,7
5282,12
5283,11
5284,6
5285,6
5286,3
5287,7
5288,11
5289,11
5290,11
5291,6
5292,11
5293,12
5294,7
5295,11
5296,11
5297,12
5298,11
5299,11
5300,11
5301,11
5302,11
5303,7
5304,11
5305,9
5306,11
5307,6
5308,11
5309,6
5310,7
5311,11
5312,11
5313,6
5314,6
5315,11
5316,11
5317,7
5318,6
5319,11
5320,12
5321,11
5322,9
5323,7
5324,11
5325,7
5326,11
5327,6
5328,9
5329,6
5330,11
5331,11
5332,11
5333,1
5334,6
5335,11
5336,11
5337,11
5338,11
5339,6
5340,7
5341,7
5342,6
5343,11
5344,11
5345,11
5346,11
5347,11
5348,11
5349,11
5350,11
5351,11
5352,11
5353,7
5354,11
5355,6
5356,11
5357,11
5358,11
5359,7
5360,11
5361,7
5362,12
5363,6
5364,11
5365,11
5366,12
5367,6
5368,11
5369,11
5370,11
5371,7
5372,6
5373,11
5374,11
5375,11
5376,11
5377,11
5378,11
5379,3
5380,1
5381,1
5382,11
5383,12
5384,11
5385,11
5386,11
5387,11
5388,12
5389,6
5390,11
5391,11
5392,11
5393,1
5394,6
5395,11
5396,6
5397,1
5398,11
5399,7
5400,11
5401,11
5402,12
5403,9
5404,11
5405,11
5406,6
5407,11
5408,11
5409,7
5410,6
5411,11
5412,8
5413,11
5414,11
5415,11
5416,12
5417,7
5418,11
5419,11
5420,6
5421,6
5422,11
5423,11
5424,11
5425,6
5426,9
5427,9
5428,12
5429,11
5430,7
5431,11
5432,7
5433,7
5434,7
5435,3
5436,11
5437,7
5438,11
5439,9
5440,9
5441,11
5442,11
5443,1
5444,7
5445,7
5446,11
5447,7
5448,12
5449,3
5450,4
5451,11
5452,3
5453,11
5454,11
5455,7
5456,11
5457,9
5458,6
5459,6
5460,6
5461,11
5462,12
5463,1
5464,9
5465,12
5466,12
5467,11
5468,6
5469,11
5470,11
5471,7
5472,6
5473,6
5474,12
5475,2
5476,6
5477,11
5478,11
5479,1
5480,12
5481,8
5482,7
5483,11
5484,7
5485,7
5486,11
5487,7
5488,11
5489,11
5490,11
5491,6
5492,2
5493,11
5494,6
5495,7
5496,6
5497,6
5498,6
5499,11
5500,11
5501,11
5502,1
5503,7
5504,6
5505,11
5506,9
5507,9
5508,11
5509,7
5510,11
5511,11
5512,12
5513,7
5514,11
5515,11
5516,11
5517,11
5518,6
5519,6
5520,7
5521,7
5522,11
5523,6
5524,7
5525,6
5526,11
5527,12
5528,12
5529,12
5530,11
5531,11
5532,12
5533,11
5534,11
5535,11
5536,1
5537,11
5538,2
5539,2
5540,11
5541,7
5542,6
5543,7
5544,11
5545,9
5546,11
5547,9
5548,11
5549,12
5550,11
5551,1
5552,11
5553,11
5554,11
5555,11
5556,6
5557,11
5558,11
5559,7
5560,7
5561,9
5562,9
5563,11
5564,11
5565,11
5566,7
5567,7
5568,7
5569,11
5570,9
5571,6
5572,3
5573,11
5574,11
5575,8
5576,11
5577,11
5578,7
5579,7
5580,12
5581,11
5582,11
5583,1
5584,6
5585,9
5586,11
5587,6
5588,8
5589,11
5590,11
5591,9
5592,7
5593,9
5594,11
5595,6
5596,7
5597,11
5598,11
5599,7
5600,12
5601,11
5602,5
5603,11
5604,7
5605,8
5606,11
5607,11
5608,9
5609,1
5610,6
5611,11
5612,3
5613,11
5614,11
5615,11
5616,11
5617,3
5618,6
5619,11
5620,6
5621,3
5622,7
5623,7
5624,11
5625,1
5626,7
5627,11
5628,2
5629,1
5630,11
5631,7
5632,11
5633,7
5634,11
5635,12
5636,6
5637,6
5638,6
5639,11
5640,11
5641,9
5642,11
5643,1
5644,6
5645,12
5646,11
5647,11
5648,11
5649,11
5650,7
5651,11
5652,6
5653,6
5654,6
5655,11
5656,8
5657,11
5658,11
5659,11
5660,7
5661,7
5662,11
5663,6
5664,6
5665,11
5666,11
5667,9
5668,6
5669,11
5670,12
5671,11
5672,9
5673,8
5674,11
5675,11
5676,7
5677,11
5678,9
5679,7
5680,11
5681,11
5682,12
5683,7
5684,9
5685,1
5686,11
5687,11
5688,7
5689,11
5690,7
5691,7
5692,3
5693,11
5694,11
5695,11
5696,11
5697,9
5698,11
5699,11
5700,12
5701,8
5702,3
5703,7
5704,7
5705,11
5706,11
5707,4
5708,7
5709,11
5710,9
5711,6
5712,11
5713,11
5714,11
5715,11
5716,11
5717,9
5718,11
5719,12
5720,12
5721,9
5722,11
5723,6
5724,11
5725,11
5726,7
5727,11
5728,12
5729,7
5730,11
5731,9
5732,11
5733,1
5734,11
5735,11
5736,11
5737,11
5738,11
5739,12
5740,11
5741,11
5742,11
5743,9
5744,11
5745,3
5746,11
5747,11
5748,7
5749,11
5750,11
5751,11
5752,11
5753,11
5754,11
5755,11
5756,5
5757,11
5758,11
5759,6
5760,11
5761,6
5762,6
5763,11
5764,11
5765,11
5766,5
5767,11
5768,11
5769,9
5770,11
5771,11
5772,11
5773,11
5774,6
5775,5
5776,11
5777,11
5778,5
5779,7
5780,6
5781,7
5782,5
5783,11
5784,7
5785,11
5786,7
5787,5
5788,7
5789,6
5790,11
5791,12
5792,7
5793,5
5794,6
5795,11
5796,5
5797,11
5798,7
5799,5
5800,6
5801,6
5802,5
5803,11
5804,5
5805,6
5806,6
5807,5
5808,11
5809,5
5810,11
5811,11
5812,7
5813,11
5814,6
5815,6
5816,5
5817,12
5818,1
5819,11
5820,11
5821,11
5822,11
5823,11
5824,6
5825,5
5826,4
5827,11
5828,12
5829,11
5830,6
5831,5
5832,6
5833,12
5834,10
5835,11
5836,5
5837,6
5838,11
5839,7
5840,9
5841,7
5842,11
5843,11
5844,12
5845,11
5846,11
5847,9
5848,11
5849,5
5850,5
5851,11
5852,7
5853,7
5854,11
5855,11
5856,11
5857,11
5858,11
5859,6
5860,11
5861,11
5862,11
5863,11
5864,11
5865,4
5866,7
5867,11
5868,11
5869,11
5870,11
5871,11
5872,11
5873,9
5874,6
5875,6
5876,12
5877,7
5878,7
5879,12
5880,11
5881,6
5882,7
5883,11
5884,6
5885,6
5886,7
5887,5
5888,11
5889,11
5890,7
5891,7
5892,11
5893,11
5894,11
5895,11
5896,11
5897,11
5898,12
5899,11
5900,11
5901,11
5902,6
5903,11
5904,6
5905,11
5906,6
5907,11
5908,6
5909,7
5910,11
5911,6
5912,12
5913,7
5914,7
5915,7
5916,11
5917,11
5918,11
5919,9
5920,11
5921,6
5922,12
5923,2
5924,11
5925,11
5926,1
5927,11
5928,11
5929,12
5930,11
5931,11
5932,11
5933,7
5934,11
5935,11
5936,11
5937,6
5938,7
5939,11
5940,7
5941,11
5942,11
5943,5
5944,11
5945,11
5946,7
5947,11
5948,11
5949,7
5950,7
5951,11
5952,11
5953,11
5954,11
5955,11
5956,11
5957,7
5958,11
5959,11
5960,11
5961,11
5962,8
5963,11
5964,11
5965,7
5966,11
5967,6
5968,12
5969,6
5970,12
5971,9
5972,9
5973,11
5974,9
5975,9
5976,5
5977,11
5978,11
5979,9
5980,6
5981,11
5982,11
5983,6
5984,7
5985,11
5986,11
5987,6
5988,9
5989,11
5990,11
5991,12
5992,12
5993,11
5994,11
5995,11
5996,11
5997,11
5998,11
5999,11
6000,7
6001,11
6002,6
6003,6
6004,12
6005,7
6006,2
6007,9
6008,6
6009,11
6010,7
6011,6
6012,12
6013,11
6014,11
6015,1
6016,1
6017,9
6018,9
6019,6
6020,6
6021,9
6022,7
6023,11
6024,11
6025,12
6026,7
6027,11
6028,5
6029,7
6030,9
6031,11
6032,7
6033,11
6034,11
6035,11
6036,11
6037,12
6038,11
6039,11
6040,11
6041,11
6042,11
6043,11
6044,6
6045,9
6046,6
6047,11
6048,11
6049,11
6050,11
6051,11
6052,11
6053,11
6054,11
6055,11
6056,3
6057,6
6058,6
6059,7
6060,7
6061,11
6062,11
6063,11
6064,9
6065,7
6066,4
6067,11
6068,7
6069,11
6070,11
6071,11
6072,11
6073,11
6074,7
6075,11
6076,9
6077,7
6078,11
6079,9
6080,11
6081,7
6082,12
6083,7
6084,11
6085,12
6086,7
6087,3
6088,7
6089,11
6090,7
6091,7
6092,7
6093,11
6094,7
6095,6
6096,7
6097,7
6098,7
6099,11
6100,6
6101,11
6102,11
6103,7
6104,11
6105,11
6106,7
6107,11
6108,11
6109,7
6110,7
6111,11
6112,11
6113,11
6114,11
6115,7
6116,7
6117,11
6118,7
6119,11
6120,7
6121,12
6122,6
6123,9
6124,7
6125,6
6126,11
6127,7
6128,11
6129,11
6130,6
6131,1
6132,7
6133,6
6134,11
6135,11
6136,11
6137,1
6138,11
6139,11
6140,11
6141,11
6142,11
6143,12
6144,11
6145,7
6146,11
6147,11
6148,11
6149,11
6150,1
6151,11
6152,11
6153,6
6154,7
6155,6
6156,11
6157,11
6158,11
6159,11
6160,11
6161,12
6162,11
6163,11
6164,7
6165,11
6166,7
6167,7
6168,8
6169,11
6170,6
6171,7
6172,7
6173,7
6174,11
6175,9
6176,11
6177,12
6178,9
6179,11
6180,6
6181,11
6182,6
6183,9
6184,11
6185,11
6186,6
6187,11
6188,11
6189,11
6190,5
6191,7
6192,6
6193,7
6194,11
6195,11
6196,11
6197,7
6198,1
6199,7
6200,7
6201,11
6202,7
6203,11
6204,11
6205,6
6206,6
6207,1
6208,7
6209,11
6210,6
6211,1
6212,6
6213,9
6214,6
6215,11
6216,11
6217,11
6218,7
6219,11
6220,11
6221,11
6222,8
6223,11
6224,12
6225,12
6226,7
6227,11
6228,7
6229,11
6230,1
6231,12
6232,11
6233,7
6234,11
6235,11
6236,7
6237,12
6238,6
6239,7
6240,1
6241,6
6242,6
6243,11
6244,6
6245,11
6246,8
6247,7
6248,11
6249,6
6250,11
6251,11
6252,11
6253,11
6254,11
6255,7
6256,7
6257,11
6258,6
6259,9
6260,11
6261,11
6262,11
6263,6
6264,7
6265,6
6266,6
6267,11
6268,6
6269,6
6270,6
6271,11
6272,6
6273,11
6274,11
6275,6
6276,6
6277,11
6278,11
6279,7
6280,6
6281,11
6282,11
6283,11
6284,7
6285,1
6286,12
6287,11
6288,9
6289,12
6290,6
6291,11
6292,12
6293,6
6294,11
6295,11
6296,1
6297,11
6298,12
6299,7
6300,6
6301,11
6302,11
6303,11
6304,6
6305,6
6306,11
6307,7
6308,11
6309,11
6310,6
6311,11
6312,11
6313,11
6314,11
6315,11
6316,11
6317,11
6318,9
6319,11
6320,7
6321,11
6322,12
6323,11
6324,11
6325,7
6326,11
6327,11
6328,6
6329,11
6330,7
6331,7
6332,11
6333,9
6334,7
6335,11
6336,11
6337,7
6338,6
6339,11
6340,6
6341,6
6342,12
6343,9
6344,6
6345,11
6346,6
6347,9
6348,9
6349,9
6350,7
6351,11
6352,9
6353,11
6354,11
6355,11
6356,12
6357,11
6358,11
6359,11
6360,11
6361,9
6362,11
6363,11
6364,12
6365,6
6366,9
6367,11
6368,6
6369,9
6370,6
6371,6
6372,12
6373,1
6374,7
6375,11
6376,11
6377,11
6378,6
6379,12
6380,12
6381,7
6382,9
6383,9
6384,11
6385,11
6386,11
6387,9
6388,11
6389,9
6390,12
6391,9
6392,11
6393,6
6394,6
6395,11
6396,11
6397,11
6398,6
6399,7
6400,6
6401,6
6402,6
6403,6
6404,11
6405,6
6406,6
6407,7
6408,11
6409,12
6410,6
6411,11
6412,11
6413,11
6414,6
6415,11
6416,11
6417,11
6418,11
6419,11
6420,6
6421,12
6422,7
6423,7
6424,9
6425,9
6426,7
6427,6
6428,9
6429,6
6430,11
6431,11
6432,6
6433,6
6434,9
6435,11
6436,6
6437,6
6438,11
6439,6
6440,11
6441,6
6442,11
6443,11
6444,11
6445,7
6446,11
6447,6
6448,11
6449,11
6450,7
6451,6
6452,9
6453,6
6454,6
6455,1
6456,1
6457,11
6458,6
6459,6
6460,6
6461,11
6462,11
6463,11
6464,11
6465,6
6466,6
6467,11
6468,11
6469,1
6470,7
6471,11
6472,6
6473,11
6474,11
6475,12
6476,2
6477,6
6478,11
6479,11
6480,7
6481,9
6482,1
6483,11
6484,5
6485,7
6486,11
6487,11
6488,11
6489,1
6490,11
6491,5
6492,6
6493,11
6494,11
6495,7
6496,9
6497,5
6498,6
6499,11
6500,11
6501,7
6502,11
6503,12
6504,12
6505,9
6506,11
6507,11
6508,7
6509,6
6510,6
6511,11
6512,11
6513,7
6514,6
6515,11
6516,11
6517,6
6518,11
6519,11
6520,11
6521,11
6522,7
6523,6
6524,6
6525,5
6526,11
6527,1
6528,9
6529,6
6530,7
6531,11
6532,7
6533,11
6534,7
6535,11
6536,11
6537,11
6538,11
6539,6
6540,12
6541,1
6542,5
6543,12
6544,9
6545,1
6546,11
6547,11
6548,8
6549,11
6550,7
6551,7
6552,11
6553,11
6554,11
6555,11
6556,11
6557,1
6558,12
6559,11
6560,11
6561,11
6562,9
6563,11
6564,6
6565,7
6566,11
6567,6
6568,11
6569,6
6570,11
6571,4
6572,6
6573,6
6574,8
6575,6
6576,9
6577,6
6578,11
6579,11
6580,6
6581,11
6582,11
6583,3
6584,9
6585,11
6586,6
6587,11
6588,7
6589,6
6590,11
6591,11
6592,6
6593,3
6594,11
6595,11
6596,6
6597,4
6598,7
6599,11
6600,12
6601,5
6602,12
6603,6
6604,9
6605,5
6606,11
6607,11
6608,5
6609,5
6610,5
6611,6
6612,5
6613,7
6614,11
6615,11
6616,6
6617,11
6618,9
6619,11
6620,11
6621,7
6622,5
6623,7
6624,11
6625,5
6626,6
6627,11
6628,11
6629,7
6630,11
6631,5
6632,1
6633,11
6634,12
6635,11
6636,11
6637,11
6638,11
6639,9
6640,5
6641,11
6642,5
6643,6
6644,11
6645,11
6646,11
6647,11
6648,5
6649,5
6650,12
6651,7
6652,5
6653,5
6654,11
6655,7
6656,6
6657,11
6658,11
6659,8
6660,1
6661,11
6662,7
6663,11
6664,11
6665,11
6666,11
6667,12
6668,11
6669,5
6670,8
6671,11
6672,11
6673,6
6674,11
6675,11
6676,11
6677,11
6678,11
6679,11
6680,11
6681,11
6682,11
6683,6
6684,11
6685,11
6686,7
6687,11
6688,6
6689,11
6690,11
6691,12
6692,9
6693,12
6694,6
6695,11
6696,6
6697,6
6698,11
6699,11
6700,11
6701,1
6702,7
6703,1
6704,6
6705,11
6706,7
6707,4
6708,6
6709,11
6710,11
6711,8
6712,7
6713,11
6714,6
6715,6
6716,11
6717,7
6718,11
6719,6
6720,6
6721,11
6722,11
6723,6
6724,6
6725,6
6726,11
6727,11
6728,11
6729,11
6730,9
6731,12
6732,1
6733,11
6734,6
6735,6
6736,7
6737,6
6738,11
6739,7
6740,1
6741,11
6742,6
6743,11
6744,12
6745,2
6746,11
6747,11
6748,11
6749,7
6750,11
6751,11
6752,6
6753,6
6754,3
6755,7
6756,11
6757,7
6758,9
6759,11
6760,11
6761,11
6762,6
6763,11
6764,7
6765,11
6766,11
6767,6
6768,11
6769,7
6770,11
6771,11
6772,11
6773,7
6774,1
6775,7
6776,8
6777,6
6778,11
6779,6
6780,11
6781,11
6782,11
6783,6
6784,11
6785,7
6786,11
6787,9
6788,1
6789,11
6790,11
6791,7
6792,7
6793,12
6794,11
6795,6
6796,11
6797,6
6798,11
6799,11
6800,1
6801,6
6802,11
6803,11
6804,12
6805,7
6806,11
6807,7
6808,12
6809,12
6810,11
6811,12
6812,11
6813,3
6814,12
6815,7
6816,1
6817,11
6818,6
6819,11
6820,11
6821,11
6822,11
6823,7
6824,7
6825,11
6826,7
6827,6
6828,11
6829,6
6830,11
6831,7
6832,7
6833,11
6834,7
6835,7
6836,11
6837,12
6838,11
6839,11
6840,6
6841,7
6842,11
6843,6
6844,11
6845,11
6846,11
6847,7
6848,6
6849,11
6850,7
6851,7
6852,7
6853,11
6854,7
6855,7
6856,6
6857,7
6858,7
6859,11
6860,7
6861,7
6862,7
6863,11
6864,11
6865,7
6866,9
6867,6
6868,6
6869,6
6870,11
6871,12
6872,11
6873,3
6874,7
6875,9
6876,6
6877,11
6878,11
6879,7
6880,6
6881,6
6882,11
6883,12
6884,7
6885,11
6886,11
6887,6
6888,6
6889,11
6890,11
6891,11
6892,7
6893,11
6894,7
6895,11
6896,7
6897,11
6898,7
6899,6
6900,11
6901,7
6902,7
6903,11
6904,6
6905,6
6906,6
6907,7
6908,7
6909,11
6910,11
6911,11
6912,11
6913,11
6914,11
6915,11
6916,11
6917,11
6918,11
6919,1
6920,11
6921,11
6922,11
6923,12
6924,11
6925,6
6926,6
6927,11
6928,11
6929,11
6930,11
6931,11
6932,6
6933,11
6934,7
6935,11
6936,12
6937,1
6938,11
6939,11
6940,11
6941,11
6942,7
6943,11
6944,11
6945,11
6946,6
6947,6
6948,9
6949,7
6950,12
6951,11
6952,11
6953,6
6954,12
6955,11
6956,11
6957,11
6958,6
6959,11
6960,12
6961,7
6962,12
6963,7
6964,6
6965,6
6966,3
6967,6
6968,11
6969,11
6970,7
6971,7
6972,6
6973,11
6974,7
6975,6
6976,9
6977,7
6978,11
6979,11
6980,7
6981,11
6982,7
6983,11
6984,11
6985,11
6986,11
6987,7
6988,6
6989,11
6990,6
6991,11
6992,11
6993,7
6994,11
6995,7
6996,11
6997,11
6998,7
6999,1
7000,11
7001,11
7002,6
7003,11
7004,1
7005,11
7006,11
7007,7
7008,11
7009,11
7010,12
7011,11
7012,11
7013,6
7014,7
7015,9
7016,12
7017,11
7018,11
7019,7
7020,11
7021,6
7022,11
7023,11
7024,6
7025,11
7026,6
7027,11
7028,11
7029,11
7030,11
7031,7
7032,12
7033,7
7034,6
7035,11
7036,9
7037,6
7038,3
7039,11
7040,11
7041,11
7042,7
7043,11
7044,7
7045,9
7046,7
7047,11
7048,7
7049,11
7050,11
7051,11
7052,11
7053,6
7054,11
7055,6
7056,12
7057,6
7058,9
7059,11
7060,11
7061,9
7062,7
7063,11
7064,7
7065,9
7066,6
7067,1
7068,6
7069,11
7070,7
7071,11
7072,11
7073,7
7074,7
7075,9
7076,11
7077,11
7078,11
7079,11
7080,11
7081,7
7082,12
7083,6
7084,11
7085,6
7086,11
7087,11
7088,7
7089,6
7090,6
7091,11
7092,11
7093,11
7094,11
7095,7
7096,11
7097,12
7098,3
7099,1
7100,7
7101,6
7102,7
7103,11
7104,11
7105,7
7106,11
7107,7
7108,11
7109,12
7110,11
7111,7
7112,11
7113,11
7114,11
7115,11
7116,3
7117,7
7118,6
7119,11
7120,6
7121,11
7122,11
7123,1
7124,6
7125,12
7126,11
7127,11
7128,12
7129,11
7130,6
7131,6
7132,11
7133,6
7134,12
7135,12
7136,7
7137,6
7138,11
7139,6
7140,12
7141,5
7142,6
7143,6
7144,11
7145,6
7146,7
7147,7
7148,12
7149,6
7150,7
7151,6
7152,12
7153,11
7154,11
7155,11
7156,7
7157,9
7158,11
7159,11
7160,12
7161,11
7162,11
7163,11
7164,11
7165,11
7166,6
7167,9
7168,6
7169,9
7170,9
7171,11
7172,11
7173,6
7174,11
7175,11
7176,6
7177,11
7178,12
7179,11
7180,11
7181,11
7182,11
7183,11
7184,7
7185,8
7186,7
7187,6
7188,6
7189,11
7190,7
7191,9
7192,7
7193,11
7194,11
7195,11
7196,11
7197,11
7198,11
7199,6
7200,3
7201,7
7202,6
7203,11
7204,11
7205,9
7206,11
7207,11
7208,11
7209,11
7210,11
7211,7
7212,11
7213,11
7214,11
7215,11
7216,11
7217,11
7218,11
7219,6
7220,11
7221,11
7222,9
7223,11
7224,11
7225,2
7226,7
7227,12
7228,11
7229,11
7230,9
7231,6
7232,11
7233,11
7234,11
7235,11
7236,9
7237,9
7238,11
7239,11
7240,6
7241,6
7242,11
7243,12
7244,11
7245,11
7246,11
7247,11
7248,1
7249,11
7250,7
7251,7
7252,7
7253,6
7254,9
7255,11
7256,6
7257,6
7258,6
7259,11
7260,4
7261,11
7262,11
7263,11
7264,11
7265,11
7266,11
7267,1
7268,6
7269,4
7270,7
7271,11
7272,6
7273,11
7274,9
7275,6
7276,11
7277,11
7278,11
7279,11
7280,11
7281,11
7282,11
7283,11
7284,7
7285,7
7286,11
7287,11
7288,7
7289,6
7290,11
7291,7
7292,9
7293,6
7294,11
7295,9
7296,11
7297,11
7298,7
7299,11
7300,11
7301,11
7302,11
7303,11
7304,7
7305,11
7306,9
7307,6
7308,11
7309,7
7310,6
7311,12
7312,11
7313,11
7314,3
7315,11
7316,12
7317,11
7318,11
7319,6
7320,9
7321,11
7322,11
7323,7
7324,6
7325,11
7326,11
7327,11
7328,11
7329,7
7330,12
7331,11
7332,6
7333,6
7334,11
7335,6
7336,11
7337,6
7338,11
7339,7
7340,6
7341,11
7342,11
7343,6
7344,7
7345,9
7346,6
7347,11
7348,6
7349,11
7350,2
7351,11
7352,11
7353,9
7354,11
7355,11
7356,11
7357,6
7358,9
7359,11
7360,11
7361,11
7362,7
7363,11
7364,11
7365,11
7366,1
7367,11
7368,11
7369,6
7370,11
7371,6
7372,11
7373,7
7374,8
7375,11
7376,11
7377,6
7378,12
7379,11
7380,11
7381,2
7382,7
7383,11
7384,6
7385,9
7386,7
7387,11
7388,11
7389,11
7390,11
7391,7
7392,11
7393,1
7394,11
7395,11
7396,7
7397,11
7398,9
7399,9
7400,11
7401,7
7402,11
7403,11
7404,11
7405,9
7406,6
7407,11
7408,11
7409,11
7410,6
7411,11
7412,12
7413,11
7414,11
7415,6
7416,12
7417,11
7418,11
7419,9
7420,6
7421,6
7422,11
7423,12
7424,11
7425,11
7426,7
7427,11
7428,12
7429,6
7430,11
7431,8
7432,11
7433,11
7434,11
7435,11
7436,11
7437,11
7438,3
7439,6
7440,11
7441,11
7442,12
7443,7
7444,11
7445,11
7446,11
7447,11
7448,6
7449,11
7450,11
7451,7
7452,11
7453,12
7454,6
7455,6
7456,6
7457,7
7458,7
7459,11
7460,11
7461,11
7462,11
7463,11
7464,1
7465,11
7466,6
7467,11
7468,11
7469,11
7470,9
7471,11
7472,6
7473,6
7474,11
7475,11
7476,11
7477,11
7478,4
7479,11
7480,11
7481,11
7482,12
7483,11
7484,11
7485,11
7486,1
7487,11
7488,11
7489,7
7490,11
7491,9
7492,6
7493,11
7494,9
7495,11
7496,11
7497,11
7498,11
7499,12
7500,11
7501,7
7502,11
7503,11
7504,11
7505,1
7506,6
7507,6
7508,11
7509,7
7510,7
7511,10
7512,7
7513,6
7514,11
7515,7
7516,11
7517,11
7518,11
7519,12
7520,3
7521,7
7522,6
7523,6
7524,7
7525,12
7526,11
7527,9
7528,3
7529,11
7530,7
7531,7
7532,6
7533,11
7534,7
7535,7
7536,11
7537,12
7538,11
7539,7
7540,7
7541,11
7542,11
7543,6
7544,7
7545,11
7546,11
7547,9
7548,11
7549,3
7550,6
7551,12
7552,11
7553,7
7554,12
7555,11
7556,8
7557,11
7558,11
7559,6
7560,11
7561,11
7562,11
7563,11
7564,11
7565,11
7566,11
7567,6
7568,6
7569,11
7570,6
7571,11
7572,11
7573,6
7574,11
7575,12
7576,11
7577,6
7578,7
7579,4
7580,7
7581,11
7582,11
7583,11
7584,12
7585,11
7586,11
7587,11
7588,11
7589,11
7590,3
7591,11
7592,11
7593,7
7594,11
7595,1
7596,11
7597,11
7598,11
7599,11
7600,6
7601,11
7602,7
7603,11
7604,11
7605,11
7606,12
7607,11
7608,9
7609,3
7610,7
7611,11
7612,6
7613,3
7614,11
7615,11
7616,11
7617,7
7618,7
7619,11
7620,3
7621,9
7622,1
7623,11
7624,3
7625,3
7626,7
7627,12
7628,12
7629,3
7630,3
7631,3
7632,1
7633,7
7634,11
7635,6
7636,11
7637,11
7638,9
7639,11
7640,11
7641,7
7642,11
7643,6
7644,12
7645,6
7646,7
7647,11
7648,7
7649,11
7650,11
7651,11
7652,6
7653,11
7654,11
7655,11
7656,11
7657,11
7658,11
7659,11
7660,7
7661,7
7662,8
7663,6
7664,11
7665,12
7666,9
7667,3
7668,11
7669,7
7670,7
7671,7
7672,11
7673,11
7674,11
7675,11
7676,6
7677,11
7678,6
7679,6
7680,6
7681,11
7682,12
7683,11
7684,7
7685,11
7686,11
7687,11
7688,3
7689,9
7690,7
7691,11
7692,11
7693,6
7694,11
7695,8
7696,6
7697,7
7698,11
7699,7
7700,9
7701,11
7702,7
7703,11
7704,11
7705,11
7706,11
7707,11
7708,11
7709,7
7710,7
7711,7
7712,1
7713,7
7714,11
7715,6
7716,12
7717,11
7718,3
7719,11
7720,7
7721,11
7722,6
7723,11
7724,11
7725,6
7726,11
7727,11
7728,6
7729,11
7730,11
7731,11
7732,11
7733,11
7734,11
7735,11
7736,9
7737,11
7738,11
7739,1
7740,11
7741,11
7742,7
7743,7
7744,7
7745,12
7746,7
7747,11
7748,9
7749,12
7750,9
7751,6
7752,7
7753,11
7754,11
7755,11
7756,12
7757,11
7758,11
7759,9
7760,11
7761,8
7762,11
7763,7
7764,7
7765,9
7766,9
7767,6
7768,7
7769,11
7770,6
7771,11
7772,11
7773,11
7774,6
7775,11
7776,11
7777,11
7778,4
7779,11
7780,7
7781,11
7782,6
7783,11
7784,6
7785,9
7786,7
7787,11
7788,11
7789,11
7790,1
7791,11
7792,9
7793,7
7794,11
7795,11
7796,11
7797,11
7798,11
7799,6
7800,11
7801,11
7802,12
7803,11
7804,11
7805,12
7806,6
7807,11
7808,11
7809,6
7810,11
7811,7
7812,11
7813,7
7814,11
7815,4
7816,11
7817,11
7818,6
7819,11
7820,6
7821,11
7822,6
7823,6
7824,12
7825,11
7826,11
7827,7
7828,11
7829,11
7830,11
7831,6
7832,6
7833,1
7834,6
7835,11
7836,11
7837,11
7838,11
7839,11
7840,11
7841,6
7842,11
7843,11
7844,12
7845,9
7846,9
7847,6
7848,6
7849,11
7850,11
7851,11
7852,11
7853,7
7854,11
7855,12
7856,7
7857,12
7858,7
7859,7
7860,6
7861,9
7862,1
7863,11
7864,1
7865,11
7866,8
7867,11
7868,11
7869,6
7870,6
7871,7
7872,11
7873,11
7874,6
7875,11
7876,9
7877,7
7878,7
7879,11
7880,6
7881,6
7882,11
7883,11
7884,7
7885,11
7886,7
7887,6
7888,11
7889,7
7890,11
7891,12
7892,7
7893,11
7894,11
7895,11
7896,11
7897,6
7898,12
7899,11
7900,11
7901,7
7902,9
7903,11
7904,7
7905,11
7906,1
7907,11
7908,11
7909,11
7910,6
7911,6
7912,11
7913,11
7914,1
7915,11
7916,11
7917,11
7918,12
7919,4
7920,6
7921,7
7922,7
7923,12
7924,9
7925,5
7926,11
7927,11
7928,12
7929,6
7930,11
7931,12
7932,6
7933,11
7934,11
7935,12
7936,11
7937,7
7938,11
7939,11
7940,11
7941,7
7942,11
7943,11
7944,11
7945,12
7946,11
7947,6
7948,11
7949,11
7950,11
7951,11
7952,11
7953,11
7954,12
7955,11
7956,7
7957,11
7958,11
7959,7
7960,6
7961,11
7962,7
7963,11
7964,12
7965,11
7966,6
7967,11
7968,6
7969,6
7970,11
7971,11
7972,12
7973,6
7974,11
7975,6
7976,7
7977,12
7978,11
7979,7
7980,11
7981,11
7982,11
7983,11
7984,6
7985,11
7986,7
7987,11
7988,11
7989,6
7990,11
7991,12
7992,6
7993,12
7994,11
7995,11
7996,12
7997,11
7998,6
7999,1
8000,11
8001,6
8002,11
8003,11
8004,11
8005,7
8006,7
8007,12
8008,11
8009,7
8010,7
8011,6
8012,11
8013,11
8014,6
8015,6
8016,6
8017,12
8018,7
8019,1
8020,9
8021,11
8022,7
8023,6
8024,6
8025,11
8026,7
8027,11
8028,6
8029,7
8030,7
8031,11
8032,6
8033,11
8034,11
8035,7
8036,11
8037,7
8038,11
8039,7
8040,7
8041,11
8042,11
8043,1
8044,11
8045,11
8046,11
8047,11
8048,11
8049,7
8050,12
8051,6
8052,7
8053,7
8054,6
8055,11
8056,9
8057,8
8058,6
8059,11
8060,11
8061,12
8062,11
8063,8
8064,9
8065,7
8066,11
8067,11
8068,1
8069,7
8070,11
8071,11
8072,11
8073,11
8074,11
8075,9
8076,11
8077,6
8078,11
8079,6
8080,11
8081,6
8082,12
8083,12
8084,6
8085,6
8086,11
8087,11
8088,11
8089,11
8090,6
8091,6
8092,6
8093,6
8094,11
8095,11
8096,11
8097,11
8098,11
8099,11
8100,11
8101,7
8102,12
8103,7
8104,11
8105,7
8106,11
8107,12
8108,11
8109,7
8110,6
8111,1
8112,11
8113,11
8114,11
8115,7
8116,11
8117,11
8118,11
8119,11
8120,11
8121,3
8122,7
8123,6
8124,11
8125,11
8126,11
8127,11
8128,5
8129,11
8130,7
8131,11
8132,11
8133,7
8134,11
8135,6
8136,7
8137,9
8138,11
8139,11
8140,7
8141,11
8142,11
8143,6
8144,7
8145,6
8146,6
8147,11
8148,3
8149,12
8150,11
8151,6
8152,7
8153,11
8154,11
8155,7
8156,7
8157,11
8158,1
8159,11
8160,12
8161,6
8162,5
8163,12
8164,6
8165,11
8166,11
8167,5
8168,11
8169,12
8170,7
8171,11
8172,5
8173,7
8174,5
8175,11
8176,5
8177,11
8178,7
8179,11
8180,11
8181,11
8182,11
8183,11
8184,5
8185,11
8186,11
8187,5
8188,11
8189,5
8190,11
8191,5
8192,11
8193,5
8194,5
8195,11
8196,11
8197,5
8198,9
8199,11
8200,11
8201,11
8202,11
8203,9
8204,6
8205,11
8206,11
8207,5
8208,11
8209,6
8210,6
8211,11
8212,5
8213,5
8214,11
8215,11
8216,6
8217,6
8218,7
8219,7
8220,11
8221,5
8222,11
8223,6
8224,5
8225,11
8226,11
8227,5
8228,7
8229,5
8230,5
8231,5
8232,11
8233,11
8234,9
8235,7
8236,11
8237,11
8238,6
8239,5
8240,5
8241,7
8242,11
8243,5
8244,5
8245,5
8246,5
8247,1
8248,6
8249,7
8250,6
8251,7
8252,11
8253,5
8254,11
8255,6
8256,11
8257,9
8258,11
8259,7
8260,11
8261,6
8262,6
8263,11
8264,7
8265,7
8266,11
8267,6
8268,12
8269,11
8270,11
8271,7
8272,11
8273,6
8274,11
8275,12
8276,12
8277,11
8278,11
8279,11
8280,11
8281,6
8282,11
8283,11
8284,11
8285,11
8286,11
8287,11
8288,7
8289,6
8290,7
8291,3
8292,11
8293,11
8294,11
8295,11
8296,5
8297,11
8298,6
8299,6
8300,11
8301,11
8302,11
8303,12
8304,6
8305,11
8306,7
8307,11
8308,11
8309,6
8310,7
8311,11
8312,11
8313,6
8314,5
8315,11
8316,11
8317,11
8318,6
8319,7
8320,11
8321,11
8322,11
8323,12
8324,11
8325,6
8326,11
8327,11
8328,11
8329,9
8330,7
8331,6
8332,9
8333,11
8334,7
8335,11
8336,1
8337,6
8338,11
8339,11
8340,11
8341,6
8342,11
8343,12
8344,7
8345,12
8346,12
8347,9
8348,7
8349,8
8350,9
8351,11
8352,11
8353,11
8354,11
8355,11
8356,6
8357,7
8358,7
8359,9
8360,11
8361,6
8362,6
8363,6
8364,11
8365,9
8366,7
8367,6
8368,4
8369,4
8370,11
8371,11
8372,6
8373,11
8374,11
8375,11
8376,11
8377,6
8378,6
8379,7
8380,12
8381,6
8382,6
8383,11
8384,7
8385,1
8386,6
8387,7
8388,11
8389,11
8390,11
8391,11
8392,11
8393,7
8394,7
8395,9
8396,7
8397,9
8398,11
8399,11
8400,11
8401,11
8402,11
8403,7
8404,7
8405,7
8406,11
8407,7
8408,9
8409,11
8410,1
8411,7
8412,9
8413,11
8414,11
8415,7
8416,11
8417,11
8418,11
8419,11
8420,11
8421,11
8422,11
8423,9
8424,11
8425,11
8426,11
8427,11
8428,11
8429,11
8430,12
8431,6
8432,7
8433,7
8434,6
8435,7
8436,11
8437,6
8438,11
8439,7
8440,6
8441,6
8442,12
8443,11
8444,11
8445,6
8446,11
8447,3
8448,7
8449,7
8450,8
8451,11
8452,11
8453,7
8454,11
8455,12
8456,11
8457,11
8458,11
8459,9
8460,6
8461,11
8462,7
8463,11
8464,6
8465,6
8466,11
8467,11
8468,11
8469,11
8470,7
8471,1
8472,9
8473,11
8474,9
8475,11
8476,1
8477,11
8478,11
8479,11
8480,9
8481,11
8482,11
8483,11
8484,11
8485,11
8486,12
8487,9
8488,6
8489,7
8490,6
8491,6
8492,11
8493,12
8494,11
8495,11
8496,11
8497,6
8498,6
8499,11
8500,12
8501,11
8502,7
8503,11
8504,11
8505,11
8506,11
8507,6
8508,6
8509,11
8510,11
8511,11
8512,11
8513,11
8514,6
8515,9
8516,11
8517,6
8518,11
8519,11
8520,3
8521,11
8522,11
8523,11
8524,11
8525,7
8526,9
8527,6
8528,11
8529,11
8530,11
8531,11
8532,11
8533,11
8534,11
8535,11
8536,11
8537,11
8538,3
8539,11
8540,12
8541,11
8542,11
8543,7
8544,7
8545,9
8546,9
8547,7
8548,11
8549,7
8550,11
8551,11
8552,11
8553,11
8554,11
8555,11
8556,11
8557,11
8558,11
8559,11
8560,6
8561,11
8562,6
8563,6
8564,6
8565,11
8566,1
8567,11
8568,12
8569,11
8570,6
8571,1
8572,11
8573,12
8574,5
8575,7
8576,7
8577,11
8578,11
8579,7
8580,11
8581,7
8582,11
8583,12
8584,9
8585,7
8586,11
8587,9
8588,9
8589,11
8590,11
8591,11
8592,11
8593,11
8594,12
8595,7
8596,9
8597,7
8598,7
8599,1
8600,7
8601,6
8602,6
8603,11
8604,11
8605,11
8606,11
8607,7
8608,11
8609,6
8610,11
8611,9
8612,6
8613,11
8614,6
8615,6
8616,11
8617,11
8618,11
8619,11
8620,11
8621,7
8622,11
8623,11
8624,11
8625,11
8626,7
8627,12
8628,11
8629,7
8630,6
8631,11
8632,6
8633,6
8634,12
8635,12
8636,11
8637,11
8638,11
8639,12
8640,11
8641,11
8642,9
8643,9
8644,11
8645,11
8646,12
8647,11
8648,11
8649,11
8650,6
8651,6
8652,12
8653,6
8654,7
8655,6
8656,7
8657,7
8658,11
8659,11
8660,12
8661,11
8662,11
8663,11
8664,11
8665,9
8666,6
8667,6
8668,11
8669,11
8670,7
8671,11
8672,11
8673,11
8674,7
8675,9
8676,7
8677,6
8678,9
8679,11
8680,6
8681,6
8682,9
8683,12
8684,12
8685,11
8686,11
8687,7
8688,11
8689,11
8690,11
8691,11
8692,12
8693,6
8694,8
8695,6
8696,12
8697,9
8698,6
8699,6
8700,6
8701,6
8702,11
8703,11
8704,11
8705,11
8706,11
8707,11
8708,12
8709,11
8710,7
8711,11
8712,12
8713,11
8714,6
8715,9
8716,11
8717,12
8718,11
8719,12
8720,7
8721,11
8722,9
8723,12
8724,6
8725,11
8726,11
8727,7
8728,7
8729,11
8730,6
8731,1
8732,11
8733,11
8734,6
8735,7
8736,7
8737,12
8738,11
8739,11
8740,11
8741,7
8742,11
8743,6
8744,11
8745,11
8746,11
8747,6
8748,11
8749,11
8750,11
8751,11
8752,11
8753,6
8754,11
8755,11
8756,11
8757,6
8758,7
8759,11
8760,6
8761,11
8762,7
8763,7
8764,11
8765,11
8766,7
8767,7
8768,11
8769,11
8770,11
8771,9
8772,6
8773,9
8774,11
8775,7
8776,11
8777,11
8778,11
8779,11
8780,6
8781,6
8782,11
8783,6
8784,9
8785,11
8786,11
8787,11
8788,6
8789,11
8790,11
8791,6
8792,11
8793,11
8794,3
8795,6
8796,11
8797,6
8798,11
8799,11
8800,6
8801,7
8802,11
8803,6
8804,9
8805,11
8806,4
8807,11
8808,11
8809,11
8810,11
8811,7
8812,6
8813,3
8814,12
8815,11
8816,11
8817,6
8818,7
8819,11
8820,6
8821,6
8822,11
8823,7
8824,11
8825,11
8826,3
8827,11
8828,11
8829,6
8830,11
8831,11
8832,6
8833,11
8834,11
8835,6
8836,11
8837,11
8838,6
8839,11
8840,4
8841,11
8842,11
8843,11
8844,11
8845,7
8846,6
8847,12
8848,7
8849,11
8850,7
8851,11
8852,11
8853,6
8854,7
8855,1
8856,12
8857,11
8858,7
8859,11
8860,6
8861,9
8862,11
8863,11
8864,11
8865,11
8866,11
8867,7
8868,11
8869,11
8870,11
8871,11
8872,11
8873,6
8874,11
8875,11
8876,3
8877,12
8878,11
8879,7
8880,7
8881,12
8882,11
8883,6
8884,2
8885,6
8886,7
8887,12
8888,6
8889,11
8890,11
8891,1
8892,11
8893,11
8894,11
8895,9
8896,6
8897,11
8898,7
8899,11
8900,1
8901,6
8902,11
8903,6
8904,11
8905,11
8906,7
8907,6
8908,11
8909,7
8910,7
8911,11
8912,11
8913,11
8914,7
8915,11
8916,11
8917,11
8918,11
8919,2
8920,11
8921,11
8922,11
8923,12
8924,1
8925,11
8926,7
8927,6
8928,1
8929,4
8930,11
8931,11
8932,6
8933,1
8934,11
8935,12
8936,12
8937,11
8938,11
8939,6
8940,12
8941,11
8942,7
8943,11
8944,6
8945,11
8946,12
8947,11
8948,11
8949,6
8950,1
8951,7
8952,7
8953,11
8954,11
8955,11
8956,11
8957,7
8958,12
8959,1
8960,7
8961,11
8962,6
8963,11
8964,12
8965,11
8966,11
8967,6
8968,6
8969,11
8970,11
8971,7
8972,6
8973,9
8974,11
8975,6
8976,9
8977,9
8978,11
8979,11
8980,6
8981,11
8982,11
8983,11
8984,6
8985,11
8986,6
8987,7
8988,11
8989,11
8990,11
8991,11
8992,6
8993,12
8994,6
8995,11
8996,6
8997,11
8998,7
8999,6
9000,12
9001,6
9002,6
9003,7
9004,12
9005,11
9006,11
9007,11
9008,7
9009,6
9010,11
9011,12
9012,12
9013,9
9014,1
9015,7
9016,6
9017,6
9018,4
9019,11
9020,11
9021,11
9022,11
9023,1
9024,11
9025,11
9026,6
9027,6
9028,11
9029,6
9030,11
9031,11
9032,11
9033,11
9034,11
9035,11
9036,6
9037,6
9038,11
9039,11
9040,11
9041,11
9042,11
9043,11
9044,6
9045,6
9046,11
9047,11
9048,11
9049,6
9050,9
9051,6
9052,6
9053,6
9054,4
9055,11
9056,6
9057,7
9058,11
9059,11
9060,7
9061,6
9062,6
9063,6
9064,5
9065,6
9066,6
9067,11
9068,11
9069,9
9070,12
9071,6
9072,11
9073,11
9074,11
9075,11
9076,6
9077,5
9078,11
9079,11
9080,6
9081,11
9082,6
9083,11
9084,11
9085,5
9086,11
9087,11
9088,5
9089,5
9090,5
9091,5
9092,1
9093,12
9094,11
9095,11
9096,11
9097,6
9098,11
9099,6
9100,6
9101,7
9102,11
9103,7
9104,6
9105,6
9106,11
9107,5
9108,9
9109,6
9110,11
9111,11
9112,11
9113,5
9114,7
9115,5
9116,6
9117,7
9118,11
9119,7
9120,7
9121,6
9122,11
9123,5
9124,6
9125,11
9126,11
9127,5
9128,11
9129,7
9130,6
9131,11
9132,6
9133,7
9134,11
9135,5
9136,7
9137,11
9138,11
9139,11
9140,7
9141,6
9142,7
9143,11
9144,11
9145,11
9146,11
9147,11
9148,6
9149,11
9150,11
9151,11
9152,7
9153,11
9154,11
9155,7
9156,11
9157,12
9158,11
9159,6
9160,6
9161,6
9162,6
9163,11
9164,12
9165,11
9166,11
9167,3
9168,12
9169,3
9170,11
9171,6
9172,6
9173,11
9174,11
9175,7
9176,6
9177,7
9178,7
9179,1
9180,11
9181,7
9182,6
9183,6
9184,11
9185,11
9186,6
9187,11
9188,6
9189,11
9190,11
9191,11
9192,6
9193,11
9194,6
9195,7
9196,11
9197,11
9198,11
9199,1
9200,11
9201,11
9202,6
9203,6
9204,6
9205,11
9206,11
9207,6
9208,6
9209,6
9210,11
9211,11
9212,11
9213,11
9214,11
9215,6
9216,8
9217,11
9218,11
9219,6
9220,11
9221,6
9222,11
9223,6
9224,6
9225,11
9226,11
9227,7
9228,12
9229,11
9230,11
9231,11
9232,7
9233,11
9234,6
9235,11
9236,11
9237,11
9238,7
9239,11
9240,11
9241,7
9242,11
9243,11
9244,11
9245,6
9246,11
9247,11
9248,6
9249,6
9250,6
9251,7
9252,6
9253,6
9254,7
9255,12
9256,11
9257,11
9258,7
9259,7
9260,11
9261,6
9262,7
9263,5
9264,6
9265,6
9266,6
9267,11
9268,11
9269,9
9270,11
9271,11
9272,11
9273,8
9274,6
9275,9
9276,7
9277,11
9278,11
9279,7
9280,11
9281,11
9282,11
9283,11
9284,11
9285,6
9286,11
9287,7
9288,11
9289,7
9290,3
9291,1
9292,11
9293,7
9294,11
9295,11
9296,11
9297,11
9298,9
9299,11
9300,3
9301,6
9302,11
9303,6
9304,6
9305,11
9306,11
9307,11
9308,11
9309,9
9310,6
9311,1
9312,11
9313,11
9314,7
9315,12
9316,11
9317,7
9318,11
9319,8
9320,12
9321,8
9322,12
9323,11
9324,11
9325,11
9326,11
9327,7
9328,6
9329,9
9330,11
9331,11
9332,11
9333,11
9334,11
9335,1
9336,7
9337,6
9338,7
9339,6
9340,6
9341,7
9342,11
9343,7
9344,6
9345,6
9346,11
9347,11
9348,11
9349,11
9350,3
